Agent,Prior,Target,Score,SMILES,SMILES_state,Scaffold,Molecular weight,Molecular weight (raw),step
23.9806,23.9806,104.0190,0.9999968,CCCCCC=CCC=CCCC=CCCCCCCCCCC(=O)O,1,,0.9999968,362.5980,1
30.0095,30.0095,97.9865,0.9999691,CCc1cc(Oc2cncc(Cl)c2)nc(-c2cccnc2)n1,1,c1cncc(Oc2ccnc(-c3cccnc3)n2)c1,0.9999691,312.7600,1
31.4382,31.4382,96.5606,0.9999905,C=CC1C(=O)C(CO)C=CC1Oc1ccc(C(=O)C=Cc2ccccc2)cc1,1,O=C1CC=CC(Oc2ccc(C(=O)C=Cc3ccccc3)cc2)C1,0.9999905,374.4360,1
38.3387,38.3387,89.6479,0.9998956,CCn1ncc2c1CN(C(=O)NCC(C)C)CC(C(F)(F)F)c1ccsc1-2,1,c1cc2c(s1)-c1cn[nH]c1CNCC2,0.9998956,400.4700,1
26.5822,26.5822,101.4167,0.9999910,OC(CON=C(c1ccc(Cl)cc1)c1cccnc1)CN1CCCCC1,1,c1ccc(C(=NOCCCN2CCCCC2)c2cccnc2)cc1,0.9999910,373.8840,1
33.9872,33.9872,93.4795,0.9958333,COc1ccc(OC)c(C(=O)NCCCCCCNC(=O)Cc2cccc3c2CCO3)c1,1,O=C(Cc1cccc2c1CCO2)NCCCCCCNC(=O)c1ccccc1,0.9958333,440.5400,1
31.9821,31.9821,-25.9328,0.0472601,CC(NC(=O)c1c[nH]c(-n2ccc3cc(C#N)cnc32)cc1=Nc1cnn(C2CCNCC2)c1)c1ccccn1,1,O=C(NCc1ccccn1)c1c[nH]c(-n2ccc3cccnc32)cc1=Nc1cnn(C2CCNCC2)c1,0.0472601,532.6120,1
26.0259,26.0259,101.8804,0.9992679,CC(CCc1cccs1)NC(=O)NCc1ccco1,1,O=C(NCCCc1cccs1)NCc1ccco1,0.9992679,278.3770,1
24.5959,24.5959,103.3215,0.9993547,O=C(CNC(=O)c1ccc(Cl)cc1)c1ccsc1,1,O=C(CNC(=O)c1ccccc1)c1ccsc1,0.9993547,279.7480,1
32.0899,32.0899,95.8086,0.9992074,CCN1CCN(c2cc3c(cn2)c(=O)c(C(=O)O)cn3Cc2ccccc2OC)CC1,1,O=c1ccn(Cc2ccccc2)c2cc(N3CCNCC3)ncc12,0.9992074,422.4850,1
21.9441,21.9441,106.0557,0.9999987,Cc1noc(C=Cc2cccs2)c1S(=O)(=O)N1CCC(C)CC1,1,O=S(=O)(c1cnoc1C=Cc1cccs1)N1CCCCC1,0.9999987,352.4810,1
33.7697,33.7697,94.0837,0.9988549,NC(Cc1ccccc1C(F)(F)F)C(=O)N1CCC(NC(=O)CN2CCCC2)CC1,1,O=C(CN1CCCC1)NC1CCN(C(=O)CCc2ccccc2)CC1,0.9988549,426.4830,1
45.8655,45.8655,-44.5510,0.0102696,N=c1[nH]c2cccc(Oc3nc(=NC4CCC(NC(=O)c5cc6ccccc6[nH]5)CC4)c4nccn4[nH]3)c2[nH]c1=N,1,N=c1[nH]c2cccc(Oc3nc(=NC4CCC(NC(=O)c5cc6ccccc6[nH]5)CC4)c4nccn4[nH]3)c2[nH]c1=N,0.0102696,549.5990,1
32.0327,32.0327,95.5242,0.9965389,Cc1cc(C(=O)NCC23CC4CC(CC(C4)C2)C3)cc(C(=O)Nc2ccc(F)c(F)c2)c1,1,O=C(NCC12CC3CC(CC(C3)C1)C2)c1cccc(C(=O)Nc2ccccc2)c1,0.9965389,438.5180,1
21.7252,21.7252,106.2057,0.9994602,O=c1cc(-c2ccc(-c3ccc(Br)cc3)o2)sc(N2CCOCC2)c1,1,O=c1cc(-c2ccc(-c3ccccc3)o2)sc(N2CCOCC2)c1,0.9994602,418.3120,1
24.4987,24.4987,103.5011,0.9999987,N#Cc1ccc(C=NN=c2[nH]cnc3sc4c(c23)CCCCC4)cc1,1,C(=NN=c1[nH]cnc2sc3c(c12)CCCCC3)c1ccccc1,0.9999987,347.4470,1
25.8558,25.8558,99.1049,0.9762555,CC(C)c1ccc(-c2ccc(N(C)C)cc2)cn1,1,c1ccc(-c2cccnc2)cc1,0.9762555,240.3500,1
29.1975,29.1975,98.7321,0.9994498,CCCCNC(=O)Nc1ccc(S(=O)(=O)Nc2ccc(C)c(NC(C)=O)c2)cc1,1,O=S(=O)(Nc1ccccc1)c1ccccc1,0.9994498,418.5190,1
22.1143,22.1143,105.8850,0.9999945,CN1C(=O)C(c2ccc(Cl)c(Cl)c2)(c2ccccc2Cl)N=C1N,1,O=C1NC=NC1(c1ccccc1)c1ccccc1,0.9999945,368.6510,1
29.9287,29.9287,98.0697,0.9999872,Cc1nc(C)n(CC2CCCN2Cc2ccc(F)c(O)c2F)n1,1,c1ccc(CN2CCCC2Cn2cncn2)cc1,0.9999872,322.3590,1
25.8406,25.8406,102.1553,0.9999679,CN(C)c1ccc(NC(=O)Cn2c(=O)oc3cccnc32)cc1,1,O=C(Cn1c(=O)oc2cccnc21)Nc1ccccc1,0.9999679,312.3290,1
27.0766,27.0766,100.9044,0.9998515,N#CCNC(=O)c1sc2cc([N+](=O)[O-])ccc2c1Cl,1,c1ccc2sccc2c1,0.9998515,295.7070,1
28.8082,28.8082,99.1854,0.9999502,NS(=O)(=O)c1ccc(NC(=O)c2cccc3c(-c4ccccc4)coc23)cc1,1,O=C(Nc1ccccc1)c1cccc2c(-c3ccccc3)coc12,0.9999502,392.4360,1
28.5316,28.5316,99.1879,0.9978084,Fc1ccc(NC(=S)NCCC2CCN(CC=Cc3ccccc3)CC2)c(F)c1F,1,S=C(NCCC1CCN(CC=Cc2ccccc2)CC1)Nc1ccccc1,0.9978084,433.5430,1
41.6827,41.6827,86.2942,0.9998189,Cc1cnc(-c2nn(CCN)c3ncnc(N4CCC(O)C4)c23)c(-c2ncco2)c1,1,c1cnc(-c2n[nH]c3ncnc(N4CCCC4)c23)c(-c2ncco2)c1,0.9998189,406.4500,1
23.0723,23.0723,104.7312,0.9984648,CCCC1(CCC)NC(=O)N(CCCC(=O)O)C1=O,1,O=C1CNC(=O)N1,0.9984648,270.3290,1
25.3710,25.3710,102.3925,0.9981521,CC1(C)CC1C(=O)N=C(CCCCC(=O)O)C(N)=O,1,C1CC1,0.9981521,268.3130,1
20.1591,20.1591,107.6258,0.9983197,COc1cccc(NS(=O)(=O)c2cccs2)c1,1,O=S(=O)(Nc1ccccc1)c1cccs1,0.9983197,269.3470,1
19.8056,19.8056,108.1867,0.9999400,COc1cccc(S(=O)(=O)c2ccc(NC(=O)C=Cc3cccnc3)cc2)c1,1,O=C(C=Cc1cccnc1)Nc1ccc(S(=O)(=O)c2ccccc2)cc1,0.9999400,394.4520,1
38.2816,38.2816,-37.1882,0.0085419,CC(C)C(=O)NC(CC(=O)Nc1ccc(NC(=O)c2ccccc2)cc1C(=O)c1ccccc1)c1cccc(F)c1,1,O=C(CCc1ccccc1)Nc1ccc(NC(=O)c2ccccc2)cc1C(=O)c1ccccc1,0.0085419,551.6180,1
20.6699,20.6699,107.3275,0.9999797,OCC1OC(n2ccc3c(-c4ccco4)ncnc32)C(O)C1O,1,c1coc(-c2ncnc3c2ccn3C2CCCO2)c1,0.9999797,317.3010,1
38.9618,38.9618,89.0242,0.9998908,Cc1nn(C)c(Cl)c1S(=O)(=O)N(CC1CCC1)C1(c2nccs2)CC1,1,O=S(=O)(c1cn[nH]c1)N(CC1CCC1)C1(c2nccs2)CC1,0.9998908,400.9570,1
26.4833,26.4833,88.0180,0.8945417,O=C(c1nc([N+](=O)[O-])c[nH]1)c1cccs1,1,O=C(c1ncc[nH]1)c1cccs1,0.8945417,223.2130,1
25.4431,25.4431,102.4712,0.9993299,N=c1[nH]c(-c2ccc(C3CNCCO3)c(F)c2)cs1,1,N=c1[nH]c(-c2ccc(C3CNCCO3)cc2)cs1,0.9993299,279.3400,1
18.7066,18.7066,105.6215,0.9713134,O=c1cc(-c2ccccc2)c2ccc(O)cc2o1,1,O=c1cc(-c2ccccc2)c2ccccc2o1,0.9713134,238.2420,1
41.0713,41.0713,86.8842,0.9996526,CC(C)C1(c2nc(-c3ccccc3)nn(Cc3nc4ccccc4[nH]3)c2=O)CCCC1,1,O=c1c(C2CCCC2)nc(-c2ccccc2)nn1Cc1nc2ccccc2[nH]1,0.9996526,413.5250,1
24.4147,24.4147,103.5692,0.9998739,COc1ccc(CSc2nc(=O)cc(C(C)c3ccc4ccccc4c3)[nH]2)cc1,1,O=c1cc(Cc2ccc3ccccc3c2)[nH]c(SCc2ccccc2)n1,0.9998739,402.5190,1
21.3892,21.3892,106.6038,0.9999453,Cc1c(Cc2ccccc2)c(=O)oc2cc(OCC(=O)N3CCOCC3)ccc12,1,O=C(COc1ccc2cc(Cc3ccccc3)c(=O)oc2c1)N1CCOCC1,0.9999453,393.4390,1
54.3976,54.3976,-54.3976,0.0000000,COc1ccc(Cn2cc(C(=O)NN=CC(CSc3ccccc3)NC(=O)CCc3ccc(OC)c(OC)c3)c(=O)cc2-c2ccccc2)cc1,1,O=C(CCc1ccccc1)NC(C=NNC(=O)c1cn(Cc2ccccc2)c(-c2ccccc2)cc1=O)CSc1ccccc1,0.0000000,704.8490,1
26.2315,26.2315,101.7429,0.9998003,COCc1cc(C(O)CNCCc2ccc(COc3ccccc3)cc2)ccc1O,1,c1ccc(CCNCCc2ccc(COc3ccccc3)cc2)cc1,0.9998003,407.5100,1
44.4468,44.4468,-44.4468,0.0000000,COc1cc2c(cc1OCCCN(c1ccc(Oc3ccccc3C)cc1)c1ccc(C(=O)NC(CCC(=O)O)C(=O)O)cc1)N=CC1CCCN1C2=O,1,O=C1c2ccc(OCCCN(c3ccccc3)c3ccc(Oc4ccccc4)cc3)cc2N=CC2CCCN12,0.0000000,734.8060,1
36.7041,36.7041,91.1610,0.9989465,CC1CCCN(c2cc(=O)n3cc(N4CCOCC4)cc(N4CCCCC4C)c3n2)C1,1,O=c1cc(N2CCCCC2)nc2c(N3CCCCC3)cc(N3CCOCC3)cn12,0.9989465,425.5770,1
21.0426,21.0426,105.6266,0.9896032,Cc1noc(C)c1S(=O)(=O)N1CCC(C(=O)N2CCN(c3ccccc3F)CC2)CC1,1,O=C(C1CCN(S(=O)(=O)c2cnoc2)CC1)N1CCN(c2ccccc2)CC1,0.9896032,450.5360,1
25.1397,25.1397,102.8600,0.9999976,CC(=O)N=c1[nH]c(C)c(-c2nc(=N)[nH]c(=Nc3ccc(F)cc3)[nH]2)s1,1,N=c1nc(-c2c[nH]c(=N)s2)[nH]c(=Nc2ccccc2)[nH]1,0.9999976,359.3900,1
44.2394,44.2394,83.7596,0.9999921,CC(C=O)CC=C1OC(CCc2cccc(O)c2)c2c1ccc1ccccc21,1,C=C1OC(CCc2ccccc2)c2c1ccc1ccccc21,0.9999921,372.4640,1
18.4794,18.4794,109.5194,0.9999903,COc1ccc(-c2csc(=NN=Cc3ccc(O)cc3)[nH]2)cc1,1,C(=NN=c1[nH]c(-c2ccccc2)cs1)c1ccccc1,0.9999903,325.3930,1
37.6155,37.6155,82.8368,0.9410336,O=C(NCCCN=c1c2cc3ccccc3cc2[nH]c2c(Cl)cccc12)C(O)C(O)C(O)O,1,N=c1c2ccccc2[nH]c2cc3ccccc3cc12,0.9410336,469.9250,1
24.0943,24.0943,102.9937,0.9928752,CCN(CC)CCN=c1[nH]c(C)nc2c1nnn2-c1ccc(C(C)C)cc1Br,1,N=c1[nH]cnc2c1nnn2-c1ccccc1,0.9928752,446.3970,1
27.7335,27.7335,100.2644,0.9999834,CCC(=O)N1CCc2cc(-c3ccc(-c4ccc(C(=O)O)cc4)[nH]3)sc2C1,1,c1ccc(-c2ccc(-c3cc4c(s3)CNCC4)[nH]2)cc1,0.9999834,380.4690,1
21.7376,21.7376,106.2616,0.9999940,COc1cc([N+](=O)[O-])ccc1NC(=O)CCN1C(=O)c2ccccc2C1=O,1,O=C(CCN1C(=O)c2ccccc2C1=O)Nc1ccccc1,0.9999940,369.3330,1
26.8246,26.8246,101.0986,0.9994000,Cc1ncc2c(=O)n(CC(=O)N3CCN(c4ccc(F)cc4)CC3)c3ccccc3n12,1,O=C(Cn1c(=O)c2cncn2c2ccccc21)N1CCN(c2ccccc2)CC1,0.9994000,419.4600,1
24.3488,24.3488,103.6478,0.9999734,COc1ccc(CCc2c(C)cc(OCC(=O)O)cc2C)cc1,1,c1ccc(CCc2ccccc2)cc1,0.9999734,314.3810,1
22.0422,22.0422,105.9170,0.9996811,CN(C)CC1CN(Cc2c[nH]c3ccccc23)CC1CO,1,c1ccc2c(CN3CCCC3)c[nH]c2c1,0.9996811,287.4070,1
24.4561,24.4561,103.5431,0.9999944,COc1ccccc1N=CC(=O)NNCc1ccc(O)c(O)c1O,1,O=C(C=Nc1ccccc1)NNCc1ccccc1,0.9999944,331.3280,1
21.3694,21.3694,106.6169,0.9998932,O=C(COc1cc(=O)oc2ccccc12)NCc1ccco1,1,O=C(COc1cc(=O)oc2ccccc12)NCc1ccco1,0.9998932,299.2820,1
24.5980,24.5980,103.3840,0.9998595,O=C(O)c1ccc2nc3sc4ccccc4c3c(=O)n2c1,1,O=c1c2c(nc3ccccn13)sc1ccccc12,0.9998595,296.3070,1
39.7057,39.7057,-39.4061,0.0023412,CC(CS)C(=O)N1CC(Oc2cnc(-c3ccccc3)c(-c3ccccc3)n2)CCC1C(=O)CCc1ccccc1,1,O=C(CCc1ccccc1)C1CCC(Oc2cnc(-c3ccccc3)c(-c3ccccc3)n2)CN1,0.0023412,565.7390,1
25.8629,25.8629,102.1323,0.9999620,Cc1ccc(-c2nc3ccc(C)cc3[nH]c2=NS(=O)(=O)c2ccccc2)cc1,1,O=S(=O)(N=c1[nH]c2ccccc2nc1-c1ccccc1)c1ccccc1,0.9999620,389.4800,1
18.6892,18.6892,51.8107,0.5507805,Cc1[nH]c(-c2ccccc2)nc1C(=O)O,1,c1ccc(-c2ncc[nH]2)cc1,0.5507805,202.2130,1
38.4210,38.4210,89.5785,0.9999961,Clc1c(CN2CCCCC2)oc2c1ccc1[nH]cc(-c3ccccc3)c12,1,c1ccc(-c2c[nH]c3ccc4cc(CN5CCCCC5)oc4c23)cc1,0.9999961,364.8760,1
20.0136,20.0136,107.9841,0.9999816,Cc1onc(-c2ccccc2)c1C(=O)N1CCCc2ccccc21,1,O=C(c1conc1-c1ccccc1)N1CCCc2ccccc21,0.9999816,318.3760,1
24.9900,24.9900,103.0082,0.9999862,Cc1ccc(C)c(N(C)C(=O)c2ccc(-c3ccccc3)s2)c1,1,O=C(Nc1ccccc1)c1ccc(-c2ccccc2)s1,0.9999862,321.4450,1
26.0097,26.0097,101.7543,0.9981564,CCCCCCn1c(=O)n(O)c(=O)c2sccc21,1,O=c1[nH]c(=O)c2sccc2[nH]1,0.9981564,268.3380,1
20.6934,20.6934,106.4344,0.9931862,O=C1C(=Nc2ccc(S(=O)(=O)N=c3[nH]ccs3)cc2)C(Cl)C(=O)c2ccccc21,1,O=C1CC(=Nc2ccc(S(=O)(=O)N=c3[nH]ccs3)cc2)C(=O)c2ccccc21,0.9931862,445.9090,1
25.6407,25.6639,102.3223,0.9998925,CCCCCCNC(=O)c1cc(N)ccc1Br,1,c1ccccc1,0.9998925,299.2120,2
46.8830,46.8680,-46.3429,0.0041029,CC(=O)NC(C(=O)NC(CO)C(CCCN=C(N)N)NC(=O)C(O)N=Cc1cc(-c2cccnc2)no1)C(C)C,1,c1cncc(-c2ccon2)c1,0.0041029,559.6280,2
30.9468,30.9294,97.0685,0.9999835,CN(C)C(C)(C)C(=O)OCC1OC(n2cnc3c(=N)[nH]cnc32)C(O)C1O,1,N=c1[nH]cnc2c1ncn2C1CCCO1,0.9999835,380.4050,2
43.1621,43.0970,79.2793,0.9560652,CN=c1[nH]c(CNC(=O)Nc2c(F)ccc(C(=O)N3CCN(C(C)C)C(C)C3)c2F)cs1,1,N=c1[nH]c(CNC(=O)Nc2cccc(C(=O)N3CCNCC3)c2)cs1,0.9560652,466.5580,2
46.2179,46.2210,-46.2198,0.0000100,CCCC=C1CC(CO)(CNC(C)CC(O)C(CO)NC(=O)CCCCCCCCCCCCCCCCCCC)OC1=O,1,C=C1CCOC1=O,0.0000100,624.9480,2
23.3359,23.3879,104.6062,0.9999541,C(#Cc1ccccn1)C=CC1CCC(CN2CCCCC2)CC1,1,C(#Cc1ccccn1)C=CC1CCC(CN2CCCCC2)CC1,0.9999541,308.4690,2
33.2212,33.1955,5.6775,0.3036959,O=C(Cn1nc(Cc2ccccc2Cl)oc1=S)Nc1cccc(S(=O)(=O)N2CCOCC2)c1,1,O=C(Cn1nc(Cc2ccccc2)oc1=S)Nc1cccc(S(=O)(=O)N2CCOCC2)c1,0.3036959,509.0090,2
30.1792,30.1843,-30.1833,0.0000077,CCN(CC)C(=O)CC1CC(C(=O)N2CCN(C(=O)C3CC3)CC2)C2(CC)c3[nH]c4cc(-c5ccco5)ccc4c3CCN2C1=O,1,O=C(C1CC1)N1CCN(C(=O)C2CCC(=O)N3CCc4c([nH]c5cc(-c6ccco6)ccc45)C23)CC1,0.0000077,627.7860,2
31.2565,31.2594,96.4047,0.9973759,N=c1[nH]ccnc1CN1CCC(C(=O)Nc2cccc(OCc3ccc(F)cc3)c2)CC1,1,N=c1[nH]ccnc1CN1CCC(C(=O)Nc2cccc(OCc3ccccc3)c2)CC1,0.9973759,435.5030,2
23.2056,23.2239,104.7002,0.9994071,Cc1noc(C(=O)Nc2ccccc2C(=O)O)c1Cl,1,O=C(Nc1ccccc1)c1ccno1,0.9994071,280.6670,2
32.7789,32.6699,88.1085,0.9435818,COc1cccc(NC(=O)CN(C)C(=O)CCCOc2ccc(C(F)(F)F)cc2[N+](=O)[O-])c1,1,O=C(CCCOc1ccccc1)NCC(=O)Nc1ccccc1,0.9435818,469.4160,2
26.6480,26.6791,101.0412,0.9978148,COc1ccc(-c2[nH]c(=NC(=O)c3ccc(S(N)(=O)=O)cc3)sc2C)cc1OC,1,O=C(N=c1[nH]c(-c2ccccc2)cs1)c1ccccc1,0.9978148,433.5110,2
24.5587,24.5220,34.3664,0.4600661,CC12CCC(=O)C(O)C1(C)CCC2O,1,O=C1CCC2CCCC2C1,0.4600661,198.2620,2
28.9141,28.9987,96.8808,0.9834337,Nc1ccccc1C(=O)N1C2CCCCC1CC2,1,O=C(c1ccccc1)N1C2CCCCC1CC2,0.9834337,244.3380,2
22.9645,22.9755,104.9533,0.9994436,Cc1nc(=NC2CCCCC2)c2oc3ccccc3c2[nH]1,1,c1ccc2c(c1)oc1c(=NC3CCCCC3)nc[nH]c12,0.9994436,281.3590,2
25.0802,25.1006,102.8622,0.9997094,COc1ccc(C=CC2=NC(=S)N(C(C)C)CC2)cc1,1,S=C1N=C(C=Cc2ccccc2)CCN1,0.9997094,288.4160,2
28.2932,28.2445,99.7152,0.9996849,CCNS(=O)(=O)c1cccc(C(=O)OCC(=O)N2CCC3(CC2)OCCO3)c1,1,O=C(OCC(=O)N1CCC2(CC1)OCCO2)c1ccccc1,0.9996849,412.4640,2
33.5103,33.5653,61.5108,0.7427821,Cc1c(C(=O)OCC2OC(OC3OC(C)C(O)C(C)(C)C3O)C(O)C(O)C2O)ccc(O)c1O,1,O=C(OCC1CCCC(OC2CCCCO2)O1)c1ccccc1,0.7427821,488.4860,2
25.4874,25.4927,102.4958,0.9999097,COc1ccc2c(=O)c(-c3cccc(Cl)c3)coc2c1CN1CCN(C)CC1,1,O=c1c(-c2ccccc2)coc2c(CN3CCNCC3)cccc12,0.9999097,398.8900,2
21.0330,21.0825,75.6195,0.7554849,Cc1ccc(C(=O)O)cc1-c1ccccc1,1,c1ccc(-c2ccccc2)cc1,0.7554849,212.2480,2
33.6187,33.6805,94.3173,0.9999835,Cc1nc(N2CCCC2)nc(-c2cnn(C)c2)c1C(=O)Nc1ccc(F)cc1,1,O=C(Nc1ccccc1)c1cnc(N2CCCC2)nc1-c1cn[nH]c1,0.9999835,380.4270,2
25.6102,25.6257,-24.8109,0.0063654,N=Nn1ccc2ccccc21,1,c1ccc2[nH]ccc2c1,0.0063654,145.1650,2
40.4022,40.4317,87.5681,0.9999986,O=C1NC(=O)C2(Cc3cc4nc5cccc(Cl)c5cc4c(O)c3C2)N1,1,O=C1NC(=O)C2(Cc3cc4cc5ccccc5nc4cc3C2)N1,0.9999986,353.7650,2
33.1130,33.1519,94.2140,0.9950459,N=c1[nH]c(=O)c2occ(CCc3ccc(C(=O)NC(CCCC(=O)O)C(=O)O)cc3)c2[nH]1,1,N=c1[nH]c(=O)c2occ(CCc3ccccc3)c2[nH]1,0.9950459,442.4280,2
36.9328,36.8779,91.1161,0.9999529,O=C(NN(CC(O)=NO)S(=O)(=O)c1cccc(Cl)c1)OC1CCCC1,1,O=C(NNS(=O)(=O)c1ccccc1)OC1CCCC1,0.9999529,391.8330,2
22.4627,22.4618,105.4736,0.9994960,Cc1cc(C)cc(NC(=O)CSC(=S)N(C)C)c1,1,c1ccccc1,0.9994960,282.4340,2
22.1986,22.1814,103.8934,0.9849596,N#Cc1ccc(S(=O)(=O)NCCN2CC3CN(CCCc4ccccc4)CC(C2)O3)cc1,1,O=S(=O)(NCCN1CC2CN(CCCc3ccccc3)CC(C1)O2)c1ccccc1,0.9849596,454.5960,2
22.8956,22.9176,105.0732,0.9999279,CCc1ncnc(-c2ccc(F)c(S(C)(=O)=O)c2)c1C#Cc1ccc(=N)[nH]c1,1,N=c1ccc(C#Cc2cncnc2-c2ccccc2)c[nH]1,0.9999279,396.4470,2
31.0798,31.0033,91.8933,0.9601296,COc1cc(C(=O)C=Cc2ccc(O)c(-c3ccc([N+](=O)[O-])cc3)c2)c(OC)c(OC)c1OC,1,O=C(C=Cc1cccc(-c2ccccc2)c1)c1ccccc1,0.9601296,465.4580,2
22.2482,22.2893,103.1477,0.9799767,c1ccc(-c2nc(CN=c3nn[nH][nH]3)co2)cc1,1,c1ccc(-c2nc(CN=c3nn[nH][nH]3)co2)cc1,0.9799767,242.2420,2
29.4851,29.4722,98.5234,0.9999654,CC(=O)c1cc(-c2ccccc2)n(C(=O)CC(=O)NCCc2ccccc2)c1C,1,O=C(CC(=O)n1cccc1-c1ccccc1)NCCc1ccccc1,0.9999654,388.4670,2
52.6231,52.5511,-52.5511,0.0000004,N#Cc1ccc(C2NC(=O)N(c3ccc(C#Cc4cccc(F)c4)cc3)C(CC(=O)NC3CCCC3)C2C(=O)OC2CCCCCC2)cc1,1,O=C(CC1C(C(=O)OC2CCCCCC2)C(c2ccccc2)NC(=O)N1c1ccc(C#Cc2ccccc2)cc1)NC1CCCC1,0.0000004,660.7900,2
34.6210,34.6649,92.8932,0.9965475,Cc1ccc(NC(=O)Nc2cccnc2Oc2cc(C)nn2-c2ccc(C#N)cc2C)cc1,1,O=C(Nc1ccccc1)Nc1cccnc1Oc1ccnn1-c1ccccc1,0.9965475,438.4910,2
44.8147,44.8075,-25.3746,0.1518196,Cc1c(S(=O)(=O)c2ccc(CN(Cc3ccc4c(ccn4C)c3)CC(C)C)cc2)cc2c(c1C)OCO2,1,O=S(=O)(c1ccc(CNCc2ccc3[nH]ccc3c2)cc1)c1ccc2c(c1)OCO2,0.1518196,518.6790,2
27.3492,27.3775,100.6222,0.9999974,CCc1nc(CN(C)C(=O)NC(CO)CC2CCCCC2)cs1,1,O=C(NCCC1CCCCC1)NCc1cscn1,0.9999974,339.5050,2
34.7579,34.7397,93.2596,0.9999945,CCCCN(CCCC)c1nc(=N)[nH]c2cnc(C(=N)OC)nc12,1,N=c1ncc2ncncc2[nH]1,0.9999945,331.4240,2
34.2194,34.1924,-14.7716,0.1517247,CCN(C)C1CCN(C(=O)c2ccc(N=c3ncc4c([nH]3)-c3sc(C5CC5)nc3CC4)c(OC)c2)CC1,1,O=C(c1ccc(N=c2ncc3c([nH]2)-c2sc(C4CC4)nc2CC3)cc1)N1CCCCC1,0.1517247,518.6870,2
27.6395,27.6213,100.3784,0.9999982,O=C(Nc1ccc(-n2ccc(=O)[nH]c2=O)cc1)Nc1cccc(Cl)c1,1,O=C(Nc1ccccc1)Nc1ccc(-n2ccc(=O)[nH]c2=O)cc1,0.9999982,356.7690,2
23.4285,23.3366,104.6630,0.9999968,COc1ccc(-c2cc(=O)n3[nH]c(C)c(-c4ccncc4)c3n2)cc1OC,1,O=c1cc(-c2ccccc2)nc2c(-c3ccncc3)c[nH]n12,0.9999968,362.3890,2
22.6038,22.5812,105.4186,0.9999986,CC1(Oc2ccc(F)cc2)CCN(Cc2ccc(C(F)(F)F)cc2)C1,1,c1ccc(CN2CCC(Oc3ccccc3)C2)cc1,0.9999986,353.3590,2
35.8475,35.8411,91.6271,0.9958460,Cc1cc[nH]c(=Nc2nc3ccc(NC(O)c4cc(O)n(Cc5ccccc5)c4)cc3[nH]2)c1,1,c1ccc(Cn2ccc(CNc3ccc4nc(N=c5cccc[nH]5)[nH]c4c3)c2)cc1,0.9958460,440.5070,2
23.2961,23.3232,104.6765,0.9999980,O=C(NC1CCCC1)NC1CCCc2c1cnn2-c1ccc(F)cc1,1,O=C(NC1CCCC1)NC1CCCc2c1cnn2-c1ccccc1,0.9999980,342.4180,2
28.0456,28.0549,99.9447,0.9999968,CN1CCN(S(=O)(=O)c2cc(-c3ccc(C#N)n3C)ccc2F)CC1,1,O=S(=O)(c1cccc(-c2ccc[nH]2)c1)N1CCNCC1,0.9999968,362.4300,2
24.8141,24.8054,103.1842,0.9999193,CC(C)c1ccc(CNC(=O)Cn2ccc([N+](=O)[O-])n2)cc1,1,O=C(Cn1cccn1)NCc1ccccc1,0.9999193,302.3340,2
23.9388,23.9779,103.9734,0.9996199,O=C(CS(=O)(=O)c1cn(Cc2ccc(F)cc2)c2ccccc12)N1CCCCC1,1,O=C(CS(=O)(=O)c1cn(Cc2ccccc2)c2ccccc12)N1CCCCC1,0.9996199,414.5020,2
27.4626,27.4597,100.5369,0.9999740,Cc1ccc2[nH]c3nc(SCC(=O)Nc4cc(F)cc(F)c4)nnc3c2c1,1,O=C(CSc1nnc2c(n1)[nH]c1ccccc12)Nc1ccccc1,0.9999740,385.3990,2
25.4106,25.3974,102.6024,0.9999985,CC1CCCN(CCCCOc2ccc3nc4[nH]c(=O)[nH]c4cc3c2)C1,1,O=c1[nH]c2cc3cc(OCCCCN4CCCCC4)ccc3nc2[nH]1,0.9999985,354.4540,2
31.3980,31.4076,96.5921,0.9999974,O=[N+]([O-])CC(c1ccc2ncccc2c1)c1cc(O)c(O)c2ccccc12,1,c1cnc2ccc(Cc3cccc4ccccc34)cc2c1,0.9999974,360.3690,2
20.5084,20.5098,102.7109,0.9626618,CCNC(=O)COc1ccc(C(=O)CC)cc1,1,c1ccccc1,0.9626618,235.2830,2
24.5272,24.5548,103.4449,0.9999981,OC(Cc1ccc(Cl)cc1Cl)(c1ccccc1)c1ccccc1,1,c1ccc(CC(c2ccccc2)c2ccccc2)cc1,0.9999981,343.2530,2
35.4259,35.4190,91.0692,0.9881892,Cc1ccc(=NC(=O)N2CCCN(C(=O)c3ccc(Cl)c(S(N)(=O)=O)c3)CC2)[nH]c1,1,O=C(N=c1cccc[nH]1)N1CCCN(C(=O)c2ccccc2)CC1,0.9881892,451.9360,2
25.0655,25.0527,102.9468,0.9999955,Cc1ccc(N2CCN(CCC(=O)Nc3ccc(C(N)=O)cc3)CC2)cc1,1,O=C(CCN1CCN(c2ccccc2)CC1)Nc1ccccc1,0.9999955,366.4650,2
29.6877,29.6354,98.3569,0.9999397,COc1cccc2c1CC(CN1CCC(O)CC1)N(C(=O)Cc1ccccc1)C2,1,O=C(Cc1ccccc1)N1Cc2ccccc2CC1CN1CCCCC1,0.9999397,394.5150,2
30.7547,30.7303,97.2696,0.9999989,CN(CCOC(=O)N(C)c1cccc2cccnc12)Cc1ccccc1,1,O=C(Nc1cccc2cccnc12)OCCNCc1ccccc1,0.9999989,349.4340,2
24.4219,24.4388,96.8737,0.9477537,O=C(O)c1ccc2c(c1)C(=O)c1ccc(Nc3cccc(NC(=O)c4cccs4)c3)cc1CC2,1,O=C(Nc1cccc(Nc2ccc3c(c2)CCc2ccccc2C3=O)c1)c1cccs1,0.9477537,468.5340,2
36.0411,35.9718,62.3347,0.7680190,O=C(Nc1ccccc1)c1cccc2c(=Nc3ccc(C=Cc4ccc(Cl)cc4)cc3)ccccc12,1,O=C(Nc1ccccc1)c1cccc2c(=Nc3ccc(C=Cc4ccccc4)cc3)ccccc12,0.7680190,487.0020,2
32.2830,32.2999,95.6931,0.9999451,CCc1cccc(C)c1-n1c(=O)[nH]c2cnc3ccc(-c4ccc(C)cc4)cc3c21,1,O=c1[nH]c2cnc3ccc(-c4ccccc4)cc3c2n1-c1ccccc1,0.9999451,393.4900,2
35.3053,35.3391,-35.3391,0.0000000,c1ccc(OC)c(CNC(c2csc3c[nH]c(C)nc23)=O)c1OC,0,,0.0000000,0.0000,2
26.8609,26.8320,101.0206,0.9988487,O=C(NCCCCCCNC(=S)c1cccc([N+](=O)[O-])c1)N1Cc2ccccc2C1,1,O=C(NCCCCCCNC(=S)c1ccccc1)N1Cc2ccccc2C1,0.9988487,426.5420,2
25.7670,25.8172,102.1750,0.9999391,c1ccc2c(=NC3CCCCC3)nc(-c3cnccn3)[nH]c2c1,1,c1ccc2c(=NC3CCCCC3)nc(-c3cnccn3)[nH]c2c1,0.9999391,305.3850,2
34.3719,34.3048,93.6818,0.9998955,COC(=O)C1C2CN(Cc3ccccc3)CC2CN(C(=O)C2CC2)C1C(=O)OC,1,O=C(C1CC1)N1CCC2CN(Cc3ccccc3)CC2C1,0.9998955,400.4750,2
23.8884,23.9169,103.7083,0.9970720,Cc1cccc(=Nc2ccnc(-c3cccnc3)n2)[nH]1,1,c1ccc(=Nc2ccnc(-c3cccnc3)n2)[nH]c1,0.9970720,263.3040,2
37.3702,37.3771,-37.3770,0.0000006,Clc1ccc(C2NC(c3ccc(Cl)cc3)C3C(c4ccc(Cl)cc4)C2c2ncnn2C3c2cccc(OCC3CCC3)c2)cc1,1,c1ccc(C2NC(c3ccccc3)C3C(c4ccccc4)C2c2ncnn2C3c2cccc(OCC3CCC3)c2)cc1,0.0000006,656.0570,2
21.8680,21.8761,102.8628,0.9745228,Cn1c(SCCCN2CC3CC3(c3ccc(Cl)c(Cl)c3)C2)nnc1-c1ccccn1,1,c1ccc(C23CC2CN(CCCSc2nnc(-c4ccccn4)[nH]2)C3)cc1,0.9745228,460.4340,2
30.9551,30.8802,77.3382,0.8454562,CCOC(=O)CCC(NC(=O)c1ccc(CNC(=O)C=Cc2ccc(N)cc2)cc1)C(=O)OCC,1,O=C(C=Cc1ccccc1)NCc1ccccc1,0.8454562,481.5490,3
26.1171,26.0275,101.9715,0.9999920,COC(=O)CCCCCCC[S+]([O-])C(c1ccccc1)c1ccccc1,1,c1ccc(Cc2ccccc2)cc1,0.9999920,372.5300,3
27.3730,27.3611,99.7137,0.9927722,CC(C)c1ccc(OCC(=O)N=c2[nH]nc(SCC(=O)NCc3ccco3)s2)cc1,1,O=C(COc1ccccc1)N=c1[nH]nc(SCC(=O)NCc2ccco2)s1,0.9927722,446.5540,3
36.9557,36.9654,91.0342,0.9999969,CC(C)(CN)CN(CCCl)c1c(F)cc(F)c(C(N)=O)c1F,1,c1ccccc1,0.9999969,337.7730,3
36.7249,36.7586,40.0207,0.5998388,CS(=O)(=O)c1ccc2[nH]c(=NCCn3c(SCc4ccc(F)cc4)nc4ccccc43)[nH]c2c1,1,c1ccc(CSc2nc3ccccc3n2CCN=c2[nH]c3ccccc3[nH]2)cc1,0.5998388,495.6050,3
29.5289,29.4981,84.0885,0.8873951,CCN1C(=O)c2ccccc2S(=O)(=O)c2cc(C(=O)NCCN(C)Cc3ccccc3)ccc21,1,O=C(NCCNCc1ccccc1)c1ccc2c(c1)S(=O)(=O)c1ccccc1C(=O)N2,0.8873951,477.5860,3
31.5869,31.6716,96.1842,0.9988734,O=C(Cc1ccccc1Cl)N=c1nc[nH]c2c1cnn2CC(Cl)c1ccccc1,1,O=C(Cc1ccccc1)N=c1nc[nH]c2c1cnn2CCc1ccccc1,0.9988734,426.3070,3
37.9039,37.8928,90.1053,0.9999847,N=c1[nH]cc(CCC2C(=O)CC(O)C2c2ccc(F)cc2)s1,1,N=c1[nH]cc(CCC2C(=O)CCC2c2ccccc2)s1,0.9999847,320.3890,3
39.2706,39.2008,88.7966,0.9999794,OCC1OC(n2cc(-c3nnc4n3CCCCC4)cc2Cl)CC(O)C1O,1,c1cn(C2CCCCO2)cc1-c1nnc2n1CCCCC2,0.9999794,382.8480,3
20.1137,20.0417,106.9997,0.9925112,CCc1ncnc(-c2ccc(C(=O)N3CCNCC3)c(Cl)c2)c1C#Cc1ccc(=N)[nH]c1,1,N=c1ccc(C#Cc2cncnc2-c2ccc(C(=O)N3CCNCC3)cc2)c[nH]1,0.9925112,446.9420,3
33.4777,33.3254,3.2809,0.2859871,CCC1C(C(F)(F)F)=NN(S(=O)(=O)c2ccc(Cl)cc2)C1C1(OC(=O)N2CCOCC2)CC1,1,O=C(OC1(C2CC=NN2S(=O)(=O)c2ccccc2)CC1)N1CCOCC1,0.2859871,509.9340,3
27.6253,27.5988,100.4007,0.9999958,CCC(N)C(=O)NC1CCC2CN(S(=O)(=O)Cc3ccccc3)CC21,1,O=S(=O)(Cc1ccccc1)N1CC2CCCC2C1,0.9999958,365.4990,3
18.4120,18.4629,102.1423,0.9422283,CN1CCC2(CC1)C(=O)N(C)c1ccccc12,1,O=C1Nc2ccccc2C12CCNCC2,0.9422283,230.3110,3
25.5137,25.4549,102.5449,0.9999983,COc1ccc(C=CC(=O)NCCSc2ccccn2)cc1OC,1,O=C(C=Cc1ccccc1)NCCSc1ccccn1,0.9999983,344.4360,3
22.2164,22.2240,105.7723,0.9999713,COc1cc(C=NNC(=O)C2CC2(c2ccccc2)c2ccccc2)ccc1O,1,O=C(NN=Cc1ccccc1)C1CC1(c1ccccc1)c1ccccc1,0.9999713,386.4510,3
25.0439,25.0301,102.0595,0.9928876,O=C(Nc1cccc(Cl)c1)C1CCC(=O)N1C1CCN(Cc2ccc(Cl)cc2)CC1,1,O=C(Nc1ccccc1)C1CCC(=O)N1C1CCN(Cc2ccccc2)CC1,0.9928876,446.3780,3
31.4074,31.3709,96.6289,0.9999984,CCc1cc(=O)n2[nH]cc(OCc3ccc(C(F)(F)F)cc3F)c2n1,1,O=c1ccnc2c(OCc3ccccc3)c[nH]n12,0.9999984,355.2910,3
24.7316,24.7607,103.2391,0.9999983,CN=C(NC#N)NCCOC(c1ccc(F)cc1)c1ccc(F)cc1,1,c1ccc(Cc2ccccc2)cc1,0.9999983,344.3650,3
31.8938,31.8514,96.1485,0.9999989,O=C(O)CCCOc1cccc(C(=O)NCc2ccc(F)cc2F)c1,1,O=C(NCc1ccccc1)c1ccccc1,0.9999989,349.3330,3
26.6472,26.6462,101.3536,0.9999983,O=C(COC(=O)CN1CC(=O)Oc2ccccc21)NCc1ccco1,1,O=C(COC(=O)CN1CC(=O)Oc2ccccc21)NCc1ccco1,0.9999983,344.3230,3
32.2039,32.2085,95.4159,0.9970661,N#Cc1ccc2c(ccn2S(=O)(=O)NC(=N)N)c1,1,c1ccc2[nH]ccc2c1,0.9970661,263.2820,3
25.0061,25.0265,-24.5032,0.0040883,COc1ccc2[nH]c3c(c2c1)CCN1C(=O)C(CC(=O)NCCc2ccccn2)CC(C(=O)N2CCOCC2)C31C,1,O=C(CC1CC(C(=O)N2CCOCC2)C2c3[nH]c4ccccc4c3CCN2C1=O)NCCc1ccccn1,0.0040883,559.6670,3
37.9499,38.0076,71.7128,0.8571905,CC(=O)c1ccc(OC(C)C(=O)NC(=O)c2ccccc2)c(NS(=O)(=O)c2ccc(C)cc2)c1,1,O=C(COc1ccccc1NS(=O)(=O)c1ccccc1)NC(=O)c1ccccc1,0.8571905,480.5420,3
33.7521,33.7495,-33.5903,0.0012442,COc1ccc2nc(SSC3OC(COC(C)=O)C(OC(C)=O)C(OC(C)=O)C3OC(C)=O)[nH]c2c1OC,1,c1ccc2[nH]c(SSC3CCCCO3)nc2c1,0.0012442,572.6140,3
34.3234,34.3511,93.6487,0.9999984,Nc1cc(NC(=O)COc2cccc3c2CCC(=O)N3)cc(C(=O)O)c1,1,O=C(COc1cccc2c1CCC(=O)N2)Nc1ccccc1,0.9999984,355.3500,3
42.1305,42.0447,-22.6527,0.1514998,CCc1cnc(N2CCC(Oc3ccn4c(C5CCN(C(C)COC)CC5)c(C5CC5)nc4c3)CC2)nc1,1,c1cnc(N2CCC(Oc3ccn4c(C5CCNCC5)c(C5CC5)nc4c3)CC2)nc1,0.1514998,518.7060,3
27.2136,27.2266,-9.3133,0.1399476,CCN1CCN(c2sc(S(=O)(=O)c3ccc(C)cc3)nc2S(=O)(=O)c2ccc(C)c(C)c2)CC1,1,O=S(=O)(c1ccccc1)c1nc(S(=O)(=O)c2ccccc2)c(N2CCNCC2)s1,0.1399476,519.7140,3
31.2965,31.2953,96.7029,0.9999864,CN1CCc2c([nH]c(C(F)(F)F)nc2=NS(=O)(=O)c2cccs2)C1,1,O=S(=O)(N=c1nc[nH]c2c1CCNC2)c1cccs1,0.9999864,378.4010,3
26.6442,26.7275,101.2706,0.9999844,O=S(=O)(NCCN=c1cc[nH]c2cc(Cl)ccc12)c1cccc(F)c1,1,O=S(=O)(NCCN=c1cc[nH]c2ccccc12)c1ccccc1,0.9999844,379.8440,3
37.4097,37.3354,90.6588,0.9999544,CCOC(=O)c1c(CCC2CCCCC2)c2c(=O)[nH][nH]c2n(CCOC)c1=O,1,O=c1cc(CCC2CCCCC2)c2c(=O)[nH][nH]c2[nH]1,0.9999544,391.4680,3
30.0979,29.9706,97.7959,0.9981764,CCOC(=O)c1sc(=NC(=O)C(CC)Sc2nncn2-c2ccccc2)[nH]c1C,1,O=C(CSc1nncn1-c1ccccc1)N=c1[nH]ccs1,0.9981764,431.5430,3
24.9438,24.9940,102.9770,0.9997740,CC(N=c1[nH]c(=N)[nH]c(N)c1Cl)c1nc2ccccc2c(=O)n1-c1cccnc1,1,N=c1[nH]ccc(=NCc2nc3ccccc3c(=O)n2-c2cccnc2)[nH]1,0.9997740,408.8530,3
29.2420,29.0998,98.9000,0.9999988,O=C(NCc1c(F)cccc1Cl)c1c(-c2ccncc2)[nH]oc1=O,1,O=C(NCc1ccccc1)c1c(-c2ccncc2)[nH]oc1=O,0.9999988,347.7330,3
26.4107,26.3284,101.6644,0.9999442,COc1ccc(-n2cc(CNc3ccc(Br)c(Cl)c3)nn2)cc1,1,c1ccc(NCc2cn(-c3ccccc3)nn2)cc1,0.9999442,393.6720,3
26.9431,27.0336,100.9066,0.9995326,Cc1nc2c(o1)CN(c1ncccc1C(F)(F)F)CC2,1,c1ccc(N2CCc3ncoc3C2)nc1,0.9995326,283.2530,3
23.9493,24.0050,103.9944,0.9999953,Cc1noc(C)c1C(=O)Nc1ccc(Cl)c(-c2nc3ccccc3[nH]2)c1,1,O=C(Nc1cccc(-c2nc3ccccc3[nH]2)c1)c1cnoc1,0.9999953,366.8080,3
29.0111,28.9869,99.0110,0.9999835,CC(=O)Oc1ccccc1C1=NN(C(=O)OC(C)C)C(c2ccc(C)cc2)C1,1,c1ccc(C2=NNC(c3ccccc3)C2)cc1,0.9999835,380.4440,3
29.3117,29.3636,98.6238,0.9999017,COC(=O)CSc1nnc(CC(=O)Nc2ccc(Cl)c([N+](=O)[O-])c2)n1C,1,O=C(Cc1nnc[nH]1)Nc1ccccc1,0.9999017,399.8160,3
28.2249,28.3284,99.5877,0.9993446,Cc1nc2ccccc2n(Cc2ccc(NC(=O)Nc3ccc(F)cc3F)cc2)c1=O,1,O=C(Nc1ccccc1)Nc1ccc(Cn2c(=O)cnc3ccccc32)cc1,0.9993446,420.4190,3
33.0054,32.9952,94.9902,0.9998855,CCc1nc2cc(C=CC(O)=NO)ccn2c1NCCc1ccnc2ccccc12,1,c1ccc2c(CCNc3cnc4ccccn34)ccnc2c1,0.9998855,401.4700,3
30.7904,30.7036,97.1698,0.9990106,Cc1c(Cl)cccc1NC(=O)NC(=O)CSc1nn2c(=O)c(C)nnc2s1,1,O=C(CSc1nn2c(=O)cnnc2s1)NC(=O)Nc1ccccc1,0.9990106,424.8950,3
42.0727,42.0322,-42.0190,0.0001036,CN(C)CCNC(=O)c1cccc2c(=NCCCN=Cc3nc(-c4ccc(F)cc4)oc3O)c3cc([N+](=O)[O-])ccc3[nH]c12,1,C(=NCCCN=c1c2ccccc2[nH]c2ccccc12)c1coc(-c2ccccc2)n1,0.0001036,599.6230,3
32.9506,32.9571,81.7487,0.8961385,CCCCCS(=O)(=O)Nc1ccc(N=c2c3ccccc3[nH]c3cccc(CC(N)=O)c23)cc1,1,c1ccc(N=c2c3ccccc3[nH]c3ccccc23)cc1,0.8961385,476.6020,3
27.1362,27.2020,97.7967,0.9765525,COc1cc2ncnc(N3CCN(C(=O)Nc4ccc(-c5cc[nH]n5)cc4)CC3)c2cc1OC,1,O=C(Nc1ccc(-c2cc[nH]n2)cc1)N1CCN(c2ncnc3ccccc23)CC1,0.9765525,459.5100,3
33.1968,33.0778,94.9219,0.9999977,CCOC(=O)C(=O)CC(=O)c1ccc(=O)n(-c2cccc([N+](=O)[O-])c2)n1,1,O=c1cccnn1-c1ccccc1,0.9999977,359.2940,3
21.6589,21.6541,106.3421,0.9999703,O=C(COc1cccc(Br)c1)N=c1[nH]ccs1,1,O=C(COc1ccccc1)N=c1[nH]ccs1,0.9999703,313.1760,3
30.6251,30.6614,97.3274,0.9999132,N#Cc1c[nH]c2ncccc2c1=Nc1ccc2oc(=NC3CCCCCC3)[nH]c2c1,1,c1cnc2[nH]ccc(=Nc3ccc4oc(=NC5CCCCCC5)[nH]c4c3)c2c1,0.9999132,398.4700,3
43.1644,43.0273,84.7609,0.9983459,CCOc1ccccc1C=CC(=O)Nc1ccc(N2C(=O)C(C)(O)CS2(=O)=O)cc1,1,O=C(C=Cc1ccccc1)Nc1ccc(N2C(=O)CCS2(=O)=O)cc1,0.9983459,430.4820,3
31.5673,31.4852,90.4825,0.9528725,O=C(NCCCN=c1c2ccccc2[nH]c2ccccc12)C(=O)Nc1cc(Cl)cc(Cl)c1,1,O=C(NCCCN=c1c2ccccc2[nH]c2ccccc12)C(=O)Nc1ccccc1,0.9528725,467.3560,3
23.2393,23.3353,104.6203,0.9996534,CS(=O)(=O)Nc1ccc(-c2nc3cc(C(=O)O)ccc3n2C2CCCCC2)cc1,1,c1ccc(-c2nc3ccccc3n2C2CCCCC2)cc1,0.9996534,413.4990,3
21.2907,21.2706,106.7145,0.9998834,COC(=O)c1cc(OC)ccc1C=Cc1ccc(OC)cc1,1,C(=Cc1ccccc1)c1ccccc1,0.9998834,298.3380,3
34.9980,34.8761,93.0979,0.9997968,CC(C)(O)C(O)(CC(F)(F)F)C(O)Cc1ccccc1,1,c1ccccc1,0.9997968,292.2970,3
26.0259,26.1121,101.8846,0.9999735,Cc1cc(C)cc(C2(O)c3ccccc3CCc3ccccc32)c1,1,c1ccc(C2c3ccccc3CCc3ccccc32)cc1,0.9999735,314.4280,3
44.6776,44.6485,40.4494,0.6648273,COc1cc(NC(=O)NN=Cc2ccccc2C#N)ccc1-c1nc2sc3ccccc3c2nc1C,1,O=C(NN=Cc1ccccc1)Nc1ccc(-c2cnc3c(n2)sc2ccccc23)cc1,0.6648273,492.5640,3
33.3697,33.4328,94.5623,0.9999621,CC1C2=CC(=Cc3ccc(F)cc3)N(Cc3ccccc3)C=C2CC(=O)C1(C)O,1,O=C1CCC2=CC(=Cc3ccccc3)N(Cc3ccccc3)C=C2C1,0.9999621,389.4700,3
23.9159,23.9345,98.9742,0.9602247,NC(=O)c1c(-c2ccc(Oc3ccccc3)cc2)[nH]c(C(=O)c2ccc(C(F)(F)F)cc2)c1N,1,O=C(c1ccccc1)c1ccc(-c2ccc(Oc3ccccc3)cc2)[nH]1,0.9602247,465.4310,3
22.9468,22.8668,104.6908,0.9965436,CCn1cc(C(=O)O)c(=O)c2cc(F)c(N3CCN(CCCc4ccccc4)CC3)nc21,1,O=c1cc[nH]c2nc(N3CCN(CCCc4ccccc4)CC3)ccc12,0.9965436,438.5030,3
23.9507,23.9678,104.0263,0.9999540,N#Cc1ccccc1CSc1nc(-c2ccccc2)cs1,1,c1ccc(CSc2nc(-c3ccccc3)cs2)cc1,0.9999540,308.4310,3
26.6044,26.5504,101.2531,0.9984652,CC(C)(C)C1CCC(=O)n2c1nc1ccccc1c2=O,1,O=C1CCCc2nc3ccccc3c(=O)n21,0.9984652,270.3320,3
24.3864,24.3554,103.6424,0.9999832,COc1cc2cncc(Cc3[nH]nc4ccccc34)c2cc1OC,1,c1ccc2c(Cc3[nH]nc4ccccc34)cncc2c1,0.9999832,319.3640,3
35.5769,35.3303,-35.3303,0.0000000,n1c(CO)c(C(c2ccc(C(F)(F)F)cc2)O)c2cc(-c3c(C)onc3C)ccc12,0,,0.0000000,0.0000,3
17.9686,17.9856,109.8786,0.9989393,O=C(c1cccs1)N1CCN(c2ncccn2)CC1,1,O=C(c1cccs1)N1CCN(c2ncccn2)CC1,0.9989393,274.3490,3
29.4259,29.3605,98.6326,0.9999454,S=c1[nH]nc(Cc2nc3ccccc3[nH]c2=Nc2ccc3c(c2)OCCO3)o1,1,S=c1[nH]nc(Cc2nc3ccccc3[nH]c2=Nc2ccc3c(c2)OCCO3)o1,0.9999454,393.4280,3
20.9992,21.1143,105.9538,0.9927198,CCOC(=O)C1CCN(Cc2cccs2)CC1,1,c1csc(CN2CCCCC2)c1,0.9927198,253.3670,3
44.7266,44.7992,83.2006,0.9999985,C=CC(COC(=O)c1cccnc1)OC(=O)c1cc(O)c(C)cc1F,1,O=C(OCCOC(=O)c1cccnc1)c1ccccc1,0.9999985,345.3260,4
41.0644,41.1110,86.8297,0.9995369,CC(C)CC(=O)OCC1CCC2C3CC=C4C(C)(O)C(C)CCC4(C)C3CCC12C,1,C1=C2CCCCC2C2CCC3CCCC3C2C1,0.9995369,416.6460,4
18.1273,18.1083,109.8903,0.9999886,CCCCCC=CCC=CCCCCCCCC(=O)NCCO,1,,0.9999886,323.5210,4
24.4762,24.5330,103.4639,0.9999757,CCCCCCC(=O)Oc1ccc2c(c1)Cn1cc(O)nc1N2,1,c1ccc2c(c1)Cn1ccnc1N2,0.9999757,315.3730,4
33.4674,33.4205,94.3232,0.9979982,CCCCCCCCCCC(=O)c1c(O)c(CC=C(C)C)c2c(OC)oc(O)c2c1O,1,c1ccc2cocc2c1,0.9979982,432.5570,4
46.3109,46.1310,-46.1310,0.0000000,CCC(C)C(NC(=O)C(CC[S+](C)[O-])NC(=O)C(CCCN=C(N)N)NC(=O)CCc1cccc(O)c1)C(=O)NCc1ccc(O)cc1,1,O=C(CCc1ccccc1)NCC(=O)NCC(=O)NCC(=O)NCc1ccccc1,0.0000000,687.8640,4
30.0894,30.1089,97.8910,0.9999990,COCC(=O)N(Cc1nc(-c2cccs2)oc1C)CC1CCCO1,1,c1csc(-c2nc(CNCC3CCCO3)co2)c1,0.9999990,350.4400,4
23.6660,23.8200,104.0982,0.9993610,Clc1ccc(CCCCCN2CCCCCC2)cc1,1,c1ccc(CCCCCN2CCCCCC2)cc1,0.9993610,279.8550,4
17.8075,17.8357,110.1531,0.9999124,c1ccc(CNCCC(c2ccccc2)c2ccccc2)cc1,1,c1ccc(CNCCC(c2ccccc2)c2ccccc2)cc1,0.9999124,301.4330,4
39.2386,39.2498,-39.2441,0.0000445,CCCCc1nn(-c2ccc(C)c(C(C)C)c2)c(=O)n1Cc1ccc(-c2ccccc2S(=O)(=O)NCc2ccccc2)cc1,1,O=c1n(Cc2ccc(-c3ccccc3S(=O)(=O)NCc3ccccc3)cc2)cnn1-c1ccccc1,0.0000445,608.8080,4
30.9859,30.8452,97.1546,0.9999980,Cc1cccc2[nH]c(-c3cccc(-c4ccc(CNC(=O)O)cc4)c3)nc12,1,c1ccc(-c2cccc(-c3nc4ccccc4[nH]3)c2)cc1,0.9999980,357.4130,4
23.8485,24.0243,103.5684,0.9968177,COCCN1CCCN(Cc2ccccc2C)CC1,1,c1ccc(CN2CCCNCC2)cc1,0.9968177,262.3970,4
30.9560,31.0893,96.9066,0.9999681,O=C(O)c1ccc(N2CC(=S)N(Cc3ccccc3)C2)cc1,1,S=C1CN(c2ccccc2)CN1Cc1ccccc1,0.9999681,312.3940,4
30.4516,30.4847,97.5059,0.9999266,O=C1CCc2ccc(NCc3ccccc3F)cc2[S+]1[O-],1,O=C1CCc2ccc(NCc3ccccc3)cc2[SH+]1,0.9999266,303.3580,4
35.1208,34.9417,93.0568,0.9999885,O=C1C2CCC3(CCN(Cc4ccccn4)CC3)C2CN1Cc1ccccn1,1,O=C1C2CCC3(CCN(Cc4ccccn4)CC3)C2CN1Cc1ccccn1,0.9999885,376.5040,4
26.7947,26.7610,101.2267,0.9999040,Cc1ccc(CN2CCC3C(=O)N(CC(C)C)CC3C2)cc1,1,O=C1NCC2CN(Cc3ccccc3)CCC12,0.9999040,300.4460,4
29.2841,29.3671,96.3048,0.9818118,c1coc(-c2ccc(COC3CCCC3)cn2)c1,1,c1coc(-c2ccc(COC3CCCC3)cn2)c1,0.9818118,243.3060,4
30.6055,30.4946,97.1434,0.9971722,CN(NC(=O)c1cc(S(=O)(=O)N2CCOCC2)c(Cl)cc1Cl)C(=O)C1CC1,1,O=C(NNC(=O)C1CC1)c1cccc(S(=O)(=O)N2CCOCC2)c1,0.9971722,436.3170,4
24.1470,24.2089,103.7907,0.9999968,O=C(COc1ccccc1)N1CCCCC1c1nc(-c2ccccn2)c[nH]1,1,O=C(COc1ccccc1)N1CCCCC1c1nc(-c2ccccn2)c[nH]1,0.9999968,362.4330,4
23.1077,23.1365,90.3828,0.8868694,CSc1ncccc1C1CCCCN1C,1,c1cncc(C2CCCCN2)c1,0.8868694,222.3570,4
28.5479,28.7456,99.2123,0.9996714,Cn1nc(-c2ccco2)c(CN2CCC(C(=O)NCc3ccccc3)CC2)c1Cl,1,O=C(NCc1ccccc1)C1CCN(Cc2c[nH]nc2-c2ccco2)CC1,0.9996714,412.9210,4
33.1814,33.1438,94.8561,0.9999988,CC12CCC(=O)CC1CCC1(C)C2CCC1(N)C(=O)N1CCOCC1,1,O=C1CCC2C(CCC3C(C(=O)N4CCOCC4)CCC23)C1,0.9999988,348.4870,4
29.7357,29.7338,97.6159,0.9949195,CCn1c(=O)n(C(C)c2nc[nH]n2)c2ccccc21,1,O=c1[nH]c2ccccc2n1Cc1nc[nH]n1,0.9949195,257.2970,4
23.7551,23.7490,-20.2535,0.0273083,CNCc1cn2ccccc2n1,1,c1ccn2ccnc2c1,0.0273083,161.2080,4
29.3030,29.3867,97.9011,0.9944361,Cc1cc2c(c(=O)o1)CCCNC2c1cccnc1,1,O=c1occc2c1CCCNC2c1cccnc1,0.9944361,256.3050,4
28.8078,28.7283,99.2537,0.9998597,Cn1cc2cc3c(c(O)c2c1O)c1ccccc1n3CCO,1,c1ccc2c(c1)[nH]c1cc3c[nH]cc3cc12,0.9998597,296.3260,4
27.3793,27.5425,100.4045,0.9995864,Cc1cc(-c2ccnc(N3CCOCC3)c2)[nH]c(=Nc2ccnc(C(F)(F)F)c2)c1,1,c1cc(-c2ccnc(N3CCOCC3)c2)[nH]c(=Nc2ccncc2)c1,0.9995864,415.4190,4
31.1852,31.2969,96.6972,0.9999537,Fc1ccc(=NC2CCC2)[nH]c1Nc1cccc2ncccc12,1,c1cc(Nc2cccc3ncccc23)[nH]c(=NC2CCC2)c1,0.9999537,308.3600,4
25.2927,25.5023,-9.4216,0.1256304,O=C(CN1CCCCC1)Nc1cc(N=c2cc[nH]c3cc(Cl)ccc23)cc(NC(=O)CN2CCCC2)c1,1,O=C(CN1CCCCC1)Nc1cc(N=c2cc[nH]c3ccccc23)cc(NC(=O)CN2CCCC2)c1,0.1256304,521.0650,4
28.8528,28.9767,99.0229,0.9999962,Cc1ncoc1C(=O)N1CCc2nc(-c3ccncc3)nc(C)c2C1,1,O=C(c1cnco1)N1CCc2nc(-c3ccncc3)ncc2C1,0.9999962,335.3670,4
29.8676,29.7083,98.1806,0.9991323,COc1ccc(OCc2cc(C(=O)NC3CCN(c4ccc(OC)cc4)C3)no2)cc1,1,O=C(NC1CCN(c2ccccc2)C1)c1cc(COc2ccccc2)on1,0.9991323,423.4690,4
31.2449,31.2210,96.7626,0.9998720,CCc1nnc(N2CCc3[nH]c(-c4cnccn4)nc3C2)o1,1,c1cnc(-c2nc3c([nH]2)CCN(c2nnco2)C3)cn1,0.9998720,297.3220,4
25.4236,25.3236,102.6762,0.9999988,COc1cccc(OCC(O)CNCCOc2cccc(Cl)c2)c1,1,c1ccc(OCCCNCCOc2ccccc2)cc1,0.9999988,351.8300,4
27.1102,27.0088,99.2609,0.9864827,Cc1ccc(NC(=O)Cn2c(=O)n(-c3ccccc3C(F)(F)F)c(=O)c3ccccc32)cc1,1,O=C(Cn1c(=O)n(-c2ccccc2)c(=O)c2ccccc21)Nc1ccccc1,0.9864827,453.4200,4
31.2102,31.3023,85.6682,0.9138319,O=C(C=Cc1ccccc1)Nc1ccccc1-n1cc(CNc2ccc(Br)cc2)nn1,1,O=C(C=Cc1ccccc1)Nc1ccccc1-n1cc(CNc2ccccc2)nn1,0.9138319,474.3620,4
25.4139,25.4319,102.5680,0.9999990,COc1ccc(CN(C)C(=O)c2cc3cc(C)cc(C)c3[nH]c2=O)cc1,1,O=C(NCc1ccccc1)c1cc2ccccc2[nH]c1=O,0.9999990,350.4180,4
30.7965,30.8034,97.0833,0.9991146,COc1cc(F)cc(C=C2CCCN3CCON=C23)c1,1,C(=C1CCCN2CCON=C12)c1ccccc1,0.9991146,276.3110,4
36.6609,36.6924,91.1682,0.9989110,COc1ccc(C=Cc2ccc([S+](C)[O-])cc2)cc1C(=O)Nc1ccccc1Cl,1,O=C(Nc1ccccc1)c1cccc(C=Cc2ccccc2)c1,0.9989110,425.9370,4
26.9973,27.0283,100.6723,0.9976609,NCCN=c1c2[nH]c(Cl)cc2nc2n1CCCC2,1,N=c1c2[nH]ccc2nc2n1CCCC2,0.9976609,265.7480,4
37.8322,38.0266,89.9729,0.9999962,CC(=O)NNC(=O)Nc1cccc2c1ccc1ccc(C(C)C)cc12,1,c1ccc2c(c1)ccc1ccccc12,0.9999962,335.4070,4
28.3102,28.4613,99.5385,0.9999988,N#Cc1ccc2sc(N=c3ccc(C(F)(F)F)c[nH]3)nc(=O)c2c1,1,O=c1nc(N=c2cccc[nH]2)sc2ccccc12,0.9999988,348.3090,4
21.6494,21.7079,106.2902,0.9999846,N=c1c2c(=O)[nH]c(-c3ccc(F)cc3)cc2[nH]n1-c1ccccc1,1,N=c1c2c(=O)[nH]c(-c3ccccc3)cc2[nH]n1-c1ccccc1,0.9999846,320.3270,4
29.9292,29.7911,96.1215,0.9836928,CCOC(=O)c1c(-c2ccc3c(c2)OCO3)csc1NC(=O)c1cccc(OC)c1OC,1,O=C(Nc1cc(-c2ccc3c(c2)OCO3)cs1)c1ccccc1,0.9836928,455.4880,4
27.7155,27.7767,100.2228,0.9999961,CCc1c(-c2nnnn2-c2ccc(Cl)cc2)c(C)nn1-c1ccccc1,1,c1ccc(-n2cc(-c3nnnn3-c3ccccc3)cn2)cc1,0.9999961,364.8400,4
21.2606,21.2173,106.7823,0.9999970,COc1ccc(O)c(C=NNC(=O)c2ccc(C(F)(F)F)cc2)c1,1,O=C(NN=Cc1ccccc1)c1ccccc1,0.9999970,338.2850,4
23.3147,23.3429,104.5928,0.9994978,O=C(NCCCN1CCN(c2ccc(F)cc2)CC1)c1ccccc1-c1ccccc1,1,O=C(NCCCN1CCN(c2ccccc2)CC1)c1ccccc1-c1ccccc1,0.9994978,417.5280,4
22.7141,22.7483,105.2514,0.9999982,NC(=O)c1ccc(C(c2ccc(Cl)cc2)c2ccc(Cl)cc2)cc1,1,c1ccc(C(c2ccccc2)c2ccccc2)cc1,0.9999982,356.2520,4
18.9093,18.9978,-8.1113,0.0850506,Cc1ccc2[nH]c(=N)[nH]c(=N)c2c1,1,N=c1[nH]c(=N)c2ccccc2[nH]1,0.0850506,174.2070,4
31.4673,31.2803,96.7195,0.9999990,Cc1cn2c(C)c(CCC(=O)NC3CCc4ccccc43)c(=O)[nH]c2n1,1,O=C(CCc1cn2ccnc2[nH]c1=O)NC1CCc2ccccc21,0.9999990,350.4220,4
30.8254,30.8150,97.1634,0.9998318,CC(O)c1ccc(CCn2cnc3ccccc3c2=O)cc1,1,O=c1c2ccccc2ncn1CCc1ccccc1,0.9998318,294.3540,4
26.4713,26.5632,101.4344,0.9999818,CCN(CC)c1ccc(C(=O)NCCCCCNC(=O)c2ccccc2)cc1,1,O=C(NCCCCCNC(=O)c1ccccc1)c1ccccc1,0.9999818,381.5200,4
26.0446,26.0391,-10.7095,0.1197624,CCN(CC)CCOc1ccc(C2=C(c3ccc(OC)cc3)OC(c3ccccc3)(c3ccccc3)O2)cc1,1,c1ccc(C2=C(c3ccccc3)OC(c3ccccc3)(c3ccccc3)O2)cc1,0.1197624,521.6570,4
30.5335,30.5366,97.4370,0.9997938,O=C(CCCn1nc(-c2ccc(Cl)cc2)ccc1=O)Nc1ccc2c[nH]nc2c1,1,O=C(CCCn1nc(-c2ccccc2)ccc1=O)Nc1ccc2c[nH]nc2c1,0.9997938,407.8610,4
36.0330,36.0411,91.9587,0.9999986,C=c1ccn2c(=CC=Cc3cc4ccc([N+](=O)[O-])cc4[nH]3)c(=O)[nH]c2c1,1,C=c1ccn2c(=CC=Cc3cc4ccccc4[nH]3)c(=O)[nH]c2c1,0.9999986,346.3460,4
30.0568,30.3721,-19.3129,0.0864003,O=C(CCN1CCCC1)Nc1ccc(NS(=O)(=O)c2ccc(NC(=O)Nc3cccc(F)c3)cc2)cc1,1,O=C(CCN1CCCC1)Nc1ccc(NS(=O)(=O)c2ccc(NC(=O)Nc3ccccc3)cc2)cc1,0.0864003,525.6060,4
24.8819,24.9644,-24.9485,0.0001243,CC(C)CC1C(=O)N(Cc2cn(CCF)nn2)CCS(=O)(=O)N1Cc1ccc(-c2ccc(OC(F)(F)F)cc2)cc1,1,O=C1CN(Cc2ccc(-c3ccccc3)cc2)S(=O)(=O)CCN1Cc1c[nH]nn1,0.0001243,597.6350,4
30.2498,30.3816,97.5634,0.9995702,O=[N+]([O-])c1ccc(-c2nnc(Cc3c4ccccc4c(Cl)c4ccccc34)o2)cc1,1,c1ccc(-c2nnc(Cc3c4ccccc4cc4ccccc34)o2)cc1,0.9995702,415.8360,4
28.7963,28.7060,99.2938,0.9999986,CC(C)NC(=O)COc1ccccc1C(=O)N1CCc2ccncc2C1,1,O=C(c1ccccc1)N1CCc2ccncc2C1,0.9999986,353.4220,4
22.6950,22.7275,105.2204,0.9995926,Cc1ccc(NC(=O)c2cc3ccccc3[nH]2)c(Cl)c1,1,O=C(Nc1ccccc1)c1cc2ccccc2[nH]1,0.9995926,284.7460,4
22.4177,22.3665,105.6221,0.9999117,CC1CCN(C(=O)COC(=O)c2[nH]nc3ccccc23)CC1,1,O=C(OCC(=O)N1CCCCC1)c1[nH]nc2ccccc12,0.9999117,301.3460,4
26.1621,26.1313,101.8684,0.9999982,CN(C)C(=O)CN1CCC(n2c(=O)n(C)c3cnc4[nH]ccc4c32)CC1,1,O=c1[nH]c2cnc3[nH]ccc3c2n1C1CCNCC1,0.9999982,356.4300,4
30.9797,30.8749,28.2655,0.4620343,CCOC(=O)c1cccc(Cn2cnc3sc4c(c3c2=O)CCC(NCCCc2ccccc2)C4)c1,1,O=c1c2c3c(sc2ncn1Cc1ccccc1)CC(NCCCc1ccccc1)CC3,0.4620343,501.6520,4
23.2334,23.2679,104.4198,0.9975605,N=c1nc(C=Cc2ccc(F)cc2)[nH]c2ccccc12,1,N=c1nc(C=Cc2ccccc2)[nH]c2ccccc12,0.9975605,265.2910,4
47.2982,47.3530,47.6351,0.7420952,Cc1nc(=O)[nH]c2sc(C(=O)C(=O)N(CC=Cc3ccccc3)Cc3ccc([N+](=O)[O-])cc3)cc12,1,O=C(C(=O)N(CC=Cc1ccccc1)Cc1ccccc1)c1cc2cnc(=O)[nH]c2s1,0.7420952,488.5250,4
29.2523,29.0086,95.4375,0.9722354,CN1CCN(c2nc3c(=Nc4cc(Br)cs4)[nH]cnc3c(=NC3CC3)[nH]2)CC1,1,c1csc(N=c2[nH]cnc3c(=NC4CC4)[nH]c(N4CCNCC4)nc23)c1,0.9722354,461.3930,5
38.8355,38.9045,89.0951,0.9999966,Cc1cc(O)ccc1NC(=O)CC(n1cnc2ccccc21)C(F)(F)F,1,O=C(CCn1cnc2ccccc21)Nc1ccccc1,0.9999966,363.3390,5
24.4927,24.5834,-16.7893,0.0608914,CCCCCCC(C)(C)CC=O,1,,0.0608914,170.2960,5
33.7333,33.8107,94.1891,0.9999986,CCNCCN(CC)CC(=O)N1CCc2cc(S(C)(=O)=O)ccc21,1,c1ccc2c(c1)CCN2,0.9999986,353.4880,5
45.1836,45.2130,-42.2437,0.0231977,CC(=O)OCC12CCC3C(=O)OCC3C1(O)C(OC(C)=O)C1(C)C(OC(=O)C=Cc3ccccc3)CCC12C,1,O=C(C=Cc1ccccc1)OC1CCC2C1CC1C3COC(=O)C3CCC21,0.0231977,540.6090,5
28.5349,28.4222,33.3270,0.4824153,C=C(CCC(C)C1CCC2C3CC(OC(C)=O)C4CC(OC(C)=O)CCC4(C)C3CCC12C)C(C)C,1,C1CCC2C(C1)CCC1C3CCCC3CCC21,0.4824153,500.7640,5
30.1801,30.2604,97.7352,0.9999651,O=c1ccccn1C(=S)C(c1ccccc1)c1cccs1,1,O=c1ccccn1C(=S)C(c1ccccc1)c1cccs1,0.9999651,311.4310,5
37.3805,37.5267,89.6186,0.9933226,CC(C)NC(=O)CC1CCC2(C)C3C(O)CC4C(C)(C)C(=O)CCC4(C)C3(C)CCC12C,1,O=C1CCC2C(CCC3C4CCCC4CCC23)C1,0.9933226,445.6880,5
33.6869,33.4931,94.1021,0.9968373,COc1ccc(CNC23CCC(C(OC(=O)C=Cc4ccc(O)c(O)c4)C2)C3(C)C)cc1,1,O=C(C=Cc1ccccc1)OC1CC2(NCc3ccccc3)CCC1C2,0.9968373,437.5360,5
44.4236,44.3619,-44.2724,0.0006994,CCCCCCCCCCCCCCCC(=O)OC1CC2CC(OC(=O)CCC(C)C)CC2C(C)(C)C1OC(C)=O,1,C1CCC2CCCC2C1,0.0006994,578.8750,5
26.4181,26.5466,101.4531,0.9999977,Cc1ccc(CN2CC3CN(C(=O)c4ccncc4)C(CCO3)C2)o1,1,O=C(c1ccncc1)N1CC2CN(Cc3ccco3)CC1CCO2,0.9999977,341.4110,5
23.8557,23.9433,104.0335,0.9998183,O=C(CC1CC1)N1CCC(Oc2ccc(NC(=O)N3Cc4ccncc4C3)cc2)C1,1,O=C(CC1CC1)N1CCC(Oc2ccc(NC(=O)N3Cc4ccncc4C3)cc2)C1,0.9998183,406.4860,5
23.0530,23.1280,104.8524,0.9998469,Cc1cccc(OCC(=O)N2CCCc3ccccc32)c1C,1,O=C(COc1ccccc1)N1CCCc2ccccc21,0.9998469,295.3820,5
26.4920,26.4533,101.5464,0.9999977,CC(C)c1nnc2n1CCN(Cc1cc(Br)cs1)C2,1,c1csc(CN2CCn3cnnc3C2)c1,0.9999977,341.2780,5
21.5226,21.5886,104.4685,0.9848211,NS(=O)(=O)c1ccc2c(c1)Cc1ccccc1-2,1,c1ccc2c(c1)Cc1ccccc1-2,0.9848211,245.3030,5
30.7996,30.8720,97.1278,0.9999987,CCCc1ccncc1C=C(C)c1ccc2c(c1)C(C)(C)CCC2(C)C,1,C(=Cc1ccc2c(c1)CCCC2)c1cccnc1,0.9999987,347.5460,5
34.5812,34.5852,90.6168,0.9781405,CC(C1CCC2(C)C3CCC4C(C)(CO)C(O)CCC45CC35CCC12C)N1CCN(C)CC1,1,C1CCC23CC24CCC2C(CN5CCNCC5)CCC2C4CCC3C1,0.9781405,458.7310,5
37.2638,37.2389,90.7024,0.9995410,CCCCCN(C#N)c1nc(=Nc2ccc(C)c(C)c2)c(N(C)S(C)(=O)=O)c[nH]1,1,c1ccc(N=c2cc[nH]cn2)cc1,0.9995410,416.5510,5
27.8154,27.7420,100.2368,0.9998344,COc1ccc(C(=O)NC(=S)Nc2ccc3[nH]c4ccccc4c3c2)cc1OC,1,O=C(NC(=S)Nc1ccc2[nH]c3ccccc3c2c1)c1ccccc1,0.9998344,405.4790,5
23.5024,23.4912,104.4234,0.9993324,COc1cc(C2CC2CNC(C)C)cc(OC)c1OC,1,c1ccc(C2CC2)cc1,0.9993324,279.3800,5
22.3482,22.4216,105.5624,0.9998750,COc1ccc(C=C2N=C(c3ccccc3)N(c3ccc(F)cc3)C2=O)cc1OC,1,O=C1C(=Cc2ccccc2)N=C(c2ccccc2)N1c1ccccc1,0.9998750,402.4250,5
20.6032,20.7810,49.9755,0.5527850,Cc1ccccc1CC(C)C1=NCCN1,1,c1ccc(CCC2=NCCN2)cc1,0.5527850,202.3010,5
45.5329,45.4139,23.2522,0.5364542,CC(C)Oc1ccc(-c2nc3c(C4CCC(Cl)(Cl)CC4)cc(-c4cncc(O)c4)nc3[nH]2)cn1,1,c1cncc(-c2cc(C3CCCCC3)c3nc(-c4cccnc4)[nH]c3n2)c1,0.5364542,498.4140,5
37.2194,37.2356,90.6053,0.9987566,Cc1nc(-c2ccc(Cl)cc2Cl)n2c1nc(N(C)C)c1cc(C(C)(C)C)ccc12,1,c1ccc(-c2ncc3ncc4ccccc4n23)cc1,0.9987566,427.3790,5
48.6771,48.3666,78.9907,0.9949787,CC(C)(C)C(C)(C)Oc1ccccc1OC(=O)NN1CCC(Cc2cccc(F)c2)CC1,1,O=C(NN1CCC(Cc2ccccc2)CC1)Oc1ccccc1,0.9949787,442.5750,5
16.6198,16.6984,110.9296,0.9970934,CN1CCC(=C(c2ccccc2)c2ccccc2)CC1,1,c1ccc(C(=C2CCNCC2)c2ccccc2)cc1,0.9970934,263.3840,5
28.0049,28.0444,-27.2126,0.0064978,CSc1cnc(OCCOc2[nH]cnc(=NS(=O)(=O)c3ccc(N)cc3)c2-c2ccc3c(c2)OCO3)nc1,1,O=S(=O)(N=c1nc[nH]c(OCCOc2ncccn2)c1-c1ccc2c(c1)OCO2)c1ccccc1,0.0064978,554.6100,5
25.4729,25.4978,102.5019,0.9999976,COc1ccc(CN2CCCC2C(=O)Nc2cccc(OC)c2)cc1,1,O=C(Nc1ccccc1)C1CCCN1Cc1ccccc1,0.9999976,340.4230,5
30.5494,30.5807,-28.5680,0.0157238,CN1C(C(=O)NCCCN=c2cc[nH]c3cc(Cl)ccc23)C(=O)c2c(F)c(F)c(F)c(F)c2S1(=O)=O,1,O=C(NCCCN=c1cc[nH]c2ccccc12)C1NS(=O)(=O)c2ccccc2C1=O,0.0157238,544.9140,5
33.5294,33.3675,94.2984,0.9973896,OC(Nc1ccc(OC(F)(F)F)cc1)=c1ccccc1=C(O)NC1CN2CCC1CC2,1,C(Nc1ccccc1)=c1ccccc1=CNC1CN2CCC1CC2,0.9973896,435.4460,5
27.5690,27.5349,100.4456,0.9998479,COc1ccc(C=C2SC(=S)N(C(C)C(=O)N3CCC(C)CC3)C2=O)cc1,1,O=C(CN1C(=O)C(=Cc2ccccc2)SC1=S)N1CCCCC1,0.9998479,404.5570,5
26.9023,26.8358,101.1631,0.9999914,COc1ccc(CSc2nnc(COc3ccccc3[N+](=O)[O-])o2)cc1,1,c1ccc(CSc2nnc(COc3ccccc3)o2)cc1,0.9999914,373.3900,5
39.8553,39.6112,-38.7336,0.0068557,COc1ccc(-c2cccc(S(=O)(=O)N3CCN(c4cc(Cl)cc5c(=O)cc(C(=O)O)[nH]c45)CC3)c2)cc1,1,O=c1cc[nH]c2c(N3CCN(S(=O)(=O)c4cccc(-c5ccccc5)c4)CC3)cccc12,0.0068557,554.0240,5
28.9479,28.9614,99.0293,0.9999275,CS(=O)(=O)N1CCN(C(=O)c2cc[nH]c(=NCCC3CCOCC3)c2)CC1,1,O=C(c1cc[nH]c(=NCCC2CCOCC2)c1)N1CCNCC1,0.9999275,396.5130,5
30.4816,30.6786,5.9037,0.2857988,CC(=O)c1c[nH]c2cc(F)c(-c3cc(F)c(O)c(Cl)c3)cc2c1=Nc1ccc(N2CCNCC2)nc1,1,c1ccc(-c2ccc3[nH]ccc(=Nc4ccc(N5CCNCC5)nc4)c3c2)cc1,0.2857988,509.9440,5
28.8928,28.8314,97.6539,0.9881666,COc1ccc(-c2noc(C3CC(S)CN3S(=O)(=O)c3ccc(Cl)cc3)n2)cc1,1,O=S(=O)(c1ccccc1)N1CCCC1c1nc(-c2ccccc2)no1,0.9881666,451.9570,5
27.2023,27.0911,-27.0884,0.0000210,CC(Sc1cc(C(C)(C)C)c(O)c(C(C)(C)C)c1)Sc1cc(C(C)(C)C)c(OCC(=O)O)c(C(C)(C)C)c1C(C)(C)C,1,c1ccc(SCSc2ccccc2)cc1,0.0000210,616.9740,5
49.7729,49.4966,-49.4207,0.0005931,CCOC(=O)C(C[n+]1c(C)cc(C)nc1C)(NC(=O)c1ccccc1)C(=NNC(=O)c1cccc(O)c1)c1ccccc1,1,O=C(NN=C(c1ccccc1)C(C[n+]1cccnc1)NC(=O)c1ccccc1)c1ccccc1,0.0005931,580.6650,5
21.3287,21.4174,106.3477,0.9981644,Cc1cc(C)cc(SCc2nc3ccccc3[nH]2)c1,1,c1ccc(SCc2nc3ccccc3[nH]2)cc1,0.9981644,268.3850,5
25.1465,25.2591,101.1075,0.9872397,Cc1noc(=NN=Cc2cccc([N+](=O)[O-])c2)[nH]1,1,C(=NN=c1[nH]cno1)c1ccccc1,0.9872397,247.2140,5
27.7167,27.7119,100.2744,0.9998933,O=C(O)c1ccc(C2=NC(c3ccc(F)cc3)CC2O)cc1,1,c1ccc(C2=NC(c3ccccc3)CC2)cc1,0.9998933,299.3010,5
39.7914,39.5923,64.6393,0.8143094,CCn1cc(CNC(=O)c2ccc3nc(C4CC(F)(F)C4)n(Cc4ccc(Cl)cc4)c3c2)cn1,1,O=C(NCc1cn[nH]c1)c1ccc2nc(C3CCC3)n(Cc3ccccc3)c2c1,0.8143094,483.9500,5
24.7004,24.5269,103.4724,0.9999950,CCc1nc(Cc2cc(OC)c(OC)c(OC)c2)c(OC)nc1C,1,c1ccc(Cc2cnccn2)cc1,0.9999950,332.4000,5
23.1530,23.2722,104.7213,0.9999493,Cn1c(=O)[nH]c2cc(-c3csc(-c4ccccc4)n3)ccc21,1,O=c1[nH]c2ccc(-c3csc(-c4ccccc4)n3)cc2[nH]1,0.9999493,307.3780,5
33.9662,33.9499,93.0331,0.9920550,CCN1C(=O)c2ccccc2Sc2cccc(SCc3nc4nc(C)cc(C)n4n3)c21,1,O=C1Nc2c(SCc3nc4ncccn4n3)cccc2Sc2ccccc21,0.9920550,447.5890,5
20.9482,21.0806,105.7972,0.9912329,c1ccc2c(c1)nc(N1CCCCC1)c1cccn12,1,c1ccc2c(c1)nc(N1CCCCC1)c1cccn12,0.9912329,251.3330,5
32.4176,32.3079,94.1068,0.9876147,CS(=O)(=O)Nc1cccc(-c2cc(C(F)(F)F)[nH]c(=NCC(O)c3ccccc3)n2)c1,1,c1ccc(CCN=c2nc(-c3ccccc3)cc[nH]2)cc1,0.9876147,452.4580,5
19.6101,19.5795,108.4122,0.9999354,COC(=O)c1ccccc1NC(=O)Nc1ccc(Cl)cc1,1,O=C(Nc1ccccc1)Nc1ccccc1,0.9999354,304.7330,5
25.0334,25.0658,71.6450,0.7555529,CC1=CC=Cc2[nH]c(O)c3cccc(c23)N1,1,C1=CNc2cccc3c[nH]c(c23)C=C1,0.7555529,212.2520,5
19.1838,19.2100,108.7889,0.9999912,COc1cc(C=Nn2c(-c3ccccc3)n[nH]c2=S)ccc1O,1,S=c1[nH]nc(-c2ccccc2)n1N=Cc1ccccc1,0.9999912,326.3810,5
18.5566,18.6665,109.1700,0.9987225,Fc1ccccc1CN1CCN(c2ncccn2)CC1,1,c1ccc(CN2CCN(c3ncccn3)CC2)cc1,0.9987225,272.3270,5
30.5508,30.6294,97.3678,0.9999782,CC(O)(c1ccc(-c2ccc(S(N)(=O)=O)cc2)cc1)C(O)c1ccccc1,1,c1ccc(CCc2ccc(-c3ccccc3)cc2)cc1,0.9999782,383.4690,5
23.7651,23.7333,104.2433,0.9998176,CC1CN(C(=O)c2ccccc2)CCN1C(=O)C(O)(c1ccccc1)C1CCCC1,1,O=C(c1ccccc1)N1CCN(C(=O)C(c2ccccc2)C2CCCC2)CC1,0.9998176,406.5260,5
17.6661,17.7109,-13.9203,0.0296145,N=c1[nH]cccc1C(F)(F)F,1,N=c1cccc[nH]1,0.0296145,162.1140,5
30.7706,30.7172,89.0161,0.9354160,COc1cc(Cl)ccc1N(C)C(=O)c1ccc(S(=O)(=O)N2CCCc3ccccc32)cc1,1,O=C(Nc1ccccc1)c1ccc(S(=O)(=O)N2CCCc3ccccc32)cc1,0.9354160,470.9780,5
19.0089,19.1549,108.8445,0.9999954,NCCn1nc(-c2ccc(Cl)cc2)c(-c2ccc(Cl)cc2)n1,1,c1ccc(-c2n[nH]nc2-c2ccccc2)cc1,0.9999954,333.2220,5
29.5388,29.5474,98.4524,0.9999987,CCN=c1cc2c(n[nH]1)CCN(C(=O)c1cncc(N3CCCC3)c1)C2,1,N=c1cc2c(n[nH]1)CCN(C(=O)c1cncc(N3CCCC3)c1)C2,0.9999987,352.4420,5
20.3517,20.3035,107.6790,0.9998630,O=[N+]([O-])c1ccc(CSc2ncnc3c2ncn3C2CC(O)C(CO)O2)cc1,1,c1ccc(CSc2ncnc3c2ncn3C2CCCO2)cc1,0.9998630,403.4200,5
19.9431,19.9551,107.8667,0.9986075,Cc1cccc(C)c1NC(=S)NCc1ccccn1,1,S=C(NCc1ccccn1)Nc1ccccc1,0.9986075,271.3890,5
22.4034,22.3697,-11.2377,0.0869690,Cc1cc(N=S2(=O)CCC2)cc2nc[nH]c(=Nc3ccc(F)cc3OC(C)C(=O)NCC(F)(F)F)c12,1,O=S1(=Nc2ccc3c(=Nc4ccccc4)[nH]cnc3c2)CCC1,0.0869690,525.5280,5
25.0909,25.1297,102.8701,0.9999983,O=C(CSc1nnnn1-c1ccc(OC(F)F)cc1)N1CCCC1,1,O=C(CSc1nnnn1-c1ccccc1)N1CCCC1,0.9999983,355.3700,5
20.0619,20.0178,107.7472,0.9981644,Cc1cc(C)c(N=c2[nH]c3ccccc3s2)c(C)c1,1,c1ccc(N=c2[nH]c3ccccc3s2)cc1,0.9981644,268.3850,5
26.2690,26.4235,101.4288,0.9988461,CNc1cc(NS(C)(=O)=O)ccc1N=c1c2ccccc2[nH]c2sc(C)c(C)c12,1,c1ccc(N=c2c3ccccc3[nH]c3sccc23)cc1,0.9988461,426.5670,5
35.7257,35.7271,92.2718,0.9999911,CCc1ncc(C(C)NC(=O)c2ccc(Br)cc2Cl)s1,1,O=C(NCc1cncs1)c1ccccc1,0.9999911,373.7030,5
46.8781,46.8214,67.0593,0.8896935,CC(C)NC(=O)c1ccc(Br)c(NC(=O)NC(C)c2c(F)cccc2OCC#N)c1,1,O=C(NCc1ccccc1)Nc1ccccc1,0.8896935,477.3340,6
27.4049,27.4380,100.4521,0.9991413,Cn1c(=O)c(C(=O)c2c(O)[nH]c(=O)n(-c3ccc(F)cc3)c2=O)c(O)c2ccccc21,1,O=C(c1cc2ccccc2[nH]c1=O)c1c[nH]c(=O)n(-c2ccccc2)c1=O,0.9991413,423.3560,6
33.4025,33.3382,94.6542,0.9999404,CCOC(=O)c1ccc(Oc2cc(OCCOc3nc[nH]n3)ccc2C#N)cc1,1,c1ccc(Oc2cccc(OCCOc3nc[nH]n3)c2)cc1,0.9999404,394.3870,6
37.2442,37.1082,89.8744,0.9920514,CCC1CCC2C(C=Cc3ccc(-c4cccc(F)c4)cn3)C3C(CCC3(C)C(=O)OC)C12,1,C(=CC1C2CCCC2C2CCCC12)c1ccc(-c2ccccc2)cn1,0.9920514,447.5940,6
27.1724,27.2099,100.5055,0.9977767,CCC(=O)Nc1c[nH]nc1C(=O)NCC1CCCO1,1,O=C(NCC1CCCO1)c1cc[nH]n1,0.9977767,266.3010,6
28.6036,28.7222,97.1236,0.9831706,CCCCCCCCCCCCCC[N+](C)([O-])CC[N+](C)(C)CCCCCCCCCC,1,,0.9831706,455.8360,6
32.2640,32.4131,95.5828,0.9999682,CCCc1cc(C(=O)N(CC)CCc2ccccn2)nc(C)n1,1,O=C(NCCc1ccccn1)c1ccncn1,0.9999682,312.4170,6
25.9774,26.1460,101.8539,0.9999988,O=C(CCCc1nnc2ccccn12)N1CCC(c2ccccc2)CC1,1,O=C(CCCc1nnc2ccccn12)N1CCC(c2ccccc2)CC1,0.9999988,348.4500,6
53.4327,53.0166,-53.0166,0.0000000,COCC1OC(OC2CCC34CC35CCC3(C)C(C(C)(C)C(=O)OC)CCC3(C)C5CCC4C2(C)C)C(NC(C)=O)C(OC(=O)c2ccc(C)[nH]2)C1O,1,O=C(OC1CCOC(OC2CCC34CC35CCC3CCCC3C5CCC4C2)C1)c1ccc[nH]1,0.0000000,740.9790,6
60.3483,60.2925,-60.2898,0.0000212,C=C(C)C1CCC2C1C1C(C)(CCC3(C)C4(C)CCC(OC(=O)CCC(=O)O)C(OC(=O)C(C)C)C4CCC13C)OC2(C)O,1,C1CCC2C(C1)CCC1C2CCC2OCC3CCCC3C21,0.0000212,616.8360,6
28.6715,28.6023,99.3894,0.9999345,CCCNC(=O)OC1COC2C(OC(=O)c3ccc(OC)c(OC)c3)COC12,1,O=C(OC1COC2CCOC21)c1ccccc1,0.9999345,395.4080,6
27.7182,27.8530,99.9985,0.9988400,COc1ccc2c(c1O)CCC1C=C(C)CN(C)C1C2,1,C1=CC2CCc3ccccc3CC2NC1,0.9988400,273.3760,6
21.8418,21.9040,106.0922,0.9999708,CC(=O)c1ccc(N2CCN(C(=O)c3cc(C)on3)CC2)cc1,1,O=C(c1ccon1)N1CCN(c2ccccc2)CC1,0.9999708,313.3570,6
24.7030,24.5458,103.4484,0.9999543,CCCC=NC(=O)C1C(C)=NC(=S)NC1c1cc(OC)c(OC)c(OC)c1,1,S=C1N=CCC(c2ccccc2)N1,0.9999543,391.4930,6
27.3734,27.3363,100.6623,0.9999894,CCCCS(=O)(=O)CC(NC(=O)OC(C)(C)C)C(O)=NO,1,,0.9999894,324.3990,6
22.9691,22.9561,104.3933,0.9949176,Cc1oc(C=NNC(=O)c2ccncc2)c(C)c1C,1,O=C(NN=Cc1ccco1)c1ccncc1,0.9949176,257.2930,6
24.8340,25.0384,102.8493,0.9991224,CNC1CCCN(c2ncnc3sc(C)c(C)c23)C1,1,c1nc(N2CCCCC2)c2ccsc2n1,0.9991224,276.4090,6
22.4499,22.4869,101.2835,0.9669564,Cn1cc(C(=O)c2cc(Cl)ccc2O)cn1,1,O=C(c1ccccc1)c1cn[nH]c1,0.9669564,236.6580,6
24.2575,24.2445,103.7516,0.9999700,O=C(CCCN1CCCCC1)N1c2ccccc2Sc2ccc(Cl)cc21,1,O=C(CCCN1CCCCC1)N1c2ccccc2Sc2ccccc21,0.9999700,386.9480,6
22.8606,22.9057,105.0928,0.9999887,O=C(Nc1ccc(C(=O)N2CCOCC2)cc1)c1ccccc1OC(F)F,1,O=C(Nc1ccc(C(=O)N2CCOCC2)cc1)c1ccccc1,0.9999887,376.3590,6
32.3268,32.4999,95.4917,0.9999347,O=C1C=C(Cc2cccc(C(F)(F)F)c2)N=C1Cc1ccc(-c2ccccc2)o1,1,O=C1C=C(Cc2ccccc2)N=C1Cc1ccc(-c2ccccc2)o1,0.9999347,395.3800,6
21.2165,21.2871,106.3711,0.9973295,Nc1ccc(NS(=O)(=O)c2ccccc2)cc1O,1,O=S(=O)(Nc1ccccc1)c1ccccc1,0.9973295,264.3060,6
43.3835,43.5383,-38.9047,0.0361999,COc1ccccc1OCC(=O)Oc1nc2ccccc2c2sc(-c3cn4nc(SC)sc4n3)nc12,1,O=C(COc1ccccc1)Oc1nc2ccccc2c2sc(-c3cn4ncsc4n3)nc12,0.0361999,535.6320,6
29.9867,29.8114,98.1867,0.9999853,COc1cc(O)c(C=CC(=O)c2cccc(O)c2)c(Br)c1OC,1,O=C(C=Cc1ccccc1)c1ccccc1,0.9999853,379.2060,6
28.0236,27.8287,100.1654,0.9999544,Cn1ncc(C(=O)N2CCCC2)c1C(=O)N1CCN(C(=O)OC(C)(C)C)CC1,1,O=C(c1cn[nH]c1C(=O)N1CCNCC1)N1CCCC1,0.9999544,391.4720,6
25.8664,25.9858,101.9119,0.9992008,CCCCNC(=O)CCCn1c(SCC(=O)NC2CC2)nc2ccsc2c1=O,1,O=C(CSc1nc2ccsc2c(=O)[nH]1)NC1CC1,0.9992008,422.5760,6
25.2427,25.1719,102.2896,0.9957926,NCCCNCCCCNC(=O)CNC(=O)CN,1,,0.9957926,259.3540,6
36.8120,36.5156,68.3825,0.8195165,COc1ccc(-c2cn(CCN3CCOCC3)cc2-c2cncc(C(=O)N=c3cc[nH]cc3)c2)cc1,1,O=C(N=c1cc[nH]cc1)c1cncc(-c2cn(CCN3CCOCC3)cc2-c2ccccc2)c1,0.8195165,483.5720,6
23.8785,23.7185,104.2712,0.9999197,Cc1ccn2c(C(=O)N3CCN(CCO)CC3)c(C)nc2c1,1,O=C(c1cnc2ccccn12)N1CCNCC1,0.9999197,302.3780,6
39.1182,38.9592,75.7947,0.8965148,O=C(NC(Cc1ccc2sc3ccccc3c2c1)C(=O)NC1CCCNC1=O)c1ccc(O)[nH]1,1,O=C(NC(Cc1ccc2sc3ccccc3c2c1)C(=O)NC1CCCNC1=O)c1ccc[nH]1,0.8965148,476.5580,6
33.3954,33.4129,94.5843,0.9999779,CN(C)S(=O)(=O)NCCc1c(-c2cccs2)[nH]oc1=N,1,N=c1cc(-c2cccs2)[nH]o1,0.9999779,316.4080,6
18.8085,18.8818,3.6365,0.1759246,C[n+]1ccc2c(c1)[nH]c1ccccc12,1,c1ccc2c(c1)[nH]c1c[nH+]ccc12,0.1759246,183.2340,6
28.5988,28.6566,99.3393,0.9999682,COC1CCCN(c2cc(CCc3ccccc3)[nH]c(=O)c2)C1,1,O=c1cc(N2CCCCC2)cc(CCc2ccccc2)[nH]1,0.9999682,312.4130,6
25.9534,26.1230,101.4343,0.9965408,NS(=O)(=O)c1ccc(NS(=O)(=O)c2cccc(C(=O)N=c3[nH]ccs3)c2)cc1,1,O=C(N=c1[nH]ccs1)c1cccc(S(=O)(=O)Nc2ccccc2)c1,0.9965408,438.5120,6
19.7825,19.6200,108.3759,0.9999681,COc1ccc(C(=O)N=c2cccc[nH]2)cc1OC1CCCC1,1,O=C(N=c1cccc[nH]1)c1cccc(OC2CCCC2)c1,0.9999681,312.3690,6
21.7760,21.7640,106.2049,0.9997568,O=C(NNS(=O)(=O)Cc1ccccc1)c1ccccc1,1,O=C(NNS(=O)(=O)Cc1ccccc1)c1ccccc1,0.9997568,290.3440,6
23.6790,23.6663,104.3323,0.9999893,Cc1cc(Br)cc(C)c1N1C(N)=NC(N)=NC1(C)C,1,C1=NC=NCN1c1ccccc1,0.9999893,324.2260,6
23.4533,23.4118,53.0107,0.5970502,CC(=Cc1cc(C)c(C)cc1C)C(=O)O,1,c1ccccc1,0.5970502,204.2690,6
25.2631,25.3710,102.6256,0.9999739,O=C(NCc1nc(=O)c2ccccc2[nH]1)c1ccc(COc2ccccc2)cc1,1,O=C(NCc1nc(=O)c2ccccc2[nH]1)c1ccc(COc2ccccc2)cc1,0.9999739,385.4230,6
29.7711,29.6683,98.3289,0.9999777,Nc1[nH]c(=NCC(=O)O)[nH]c(=NCCOCCO)c1[N+](=O)[O-],1,N=c1cc[nH]c(=N)[nH]1,0.9999777,316.2740,6
25.7092,25.8455,102.1543,0.9999981,Clc1ccc(N=c2[nH]cc(-c3ccc4c(c3)OCCCO4)o2)cc1,1,c1ccc(N=c2[nH]cc(-c3ccc4c(c3)OCCCO4)o2)cc1,0.9999981,342.7820,6
30.3631,30.3556,97.6442,0.9999987,Cc1ccc2c(n1)C(=O)c1ccccc1C2=Cc1ccc2ccccc2c1,1,O=C1c2ccccc2C(=Cc2ccc3ccccc3c2)c2cccnc21,0.9999987,347.4170,6
23.9320,24.0999,60.4604,0.6606274,c1ccc2c(c1)N=C1c3ccccc3OC12,1,c1ccc2c(c1)N=C1c3ccccc3OC12,0.6606274,207.2320,6
25.0789,25.0164,102.9723,0.9999117,COc1ccc(-c2cc(-c3ccccc3)c3nc[nH]c3n2)cc1,1,c1ccc(-c2cc(-c3ccccc3)c3nc[nH]c3n2)cc1,0.9999117,301.3490,6
46.5251,46.2490,77.3167,0.9653576,CC1(O)CC(=O)c2c(O)c(C(=O)C=Cc3cc4ccc(Cl)cc4[nH]3)c3oc(=O)ccc3c2C1,1,O=C1CCCc2c1cc(C(=O)C=Cc1cc3ccccc3[nH]1)c1oc(=O)ccc21,0.9653576,463.8730,6
21.1704,21.0254,106.8799,0.9992601,O=C1C=C(c2ccccc2)c2cc(C(=O)O)ccc2C1=O,1,O=C1C=C(c2ccccc2)c2ccccc2C1=O,0.9992601,278.2630,6
33.8929,34.1294,93.8600,0.9999177,CCN=c1nc2c(c[nH]1)NCCC(c1cc(-c3ccc(Cl)cc3)ccc1F)N2,1,N=c1nc2c(c[nH]1)NCCC(c1cccc(-c3ccccc3)c1)N2,0.9999177,397.8850,6
25.3628,25.4320,102.5558,0.9999046,COc1ccccc1-c1ccc(CN(Cc2ccc(F)cc2)S(C)(=O)=O)cc1,1,c1ccc(CNCc2ccc(-c3ccccc3)cc2)cc1,0.9999046,399.4870,6
25.0588,25.2662,102.7334,0.9999968,CC1(C)N=C(N)N=C(N)N1c1ccc(C(=O)N=c2cccc[nH]2)cc1,1,O=C(N=c1cccc[nH]1)c1ccc(N2C=NC=NC2)cc1,0.9999968,337.3870,6
29.7959,29.9103,98.0885,0.9999905,CN(C)CCCNC(=O)N1CCN(c2ccc(-n3ccnc3)cc2F)CC1,1,c1cn(-c2ccc(N3CCNCC3)cc2)cn1,0.9999905,374.4640,6
33.7860,33.7725,94.0926,0.9989463,CSc1cccc(NC(=O)C2CCCN(c3nc4ccc(C(C)=O)cc4s3)C2)c1,1,O=C(Nc1ccccc1)C1CCCN(c2nc3ccccc3s2)C1,0.9989463,425.5790,6
22.3853,22.5876,105.4122,0.9999985,CCCCNC(=O)CCC(=O)N1c2ccccc2Sc2ccccc21,1,c1ccc2c(c1)Nc1ccccc1S2,0.9999985,354.4750,6
20.9248,21.2430,106.1598,0.9953346,Fc1ccc(-c2nc(-c3ccccc3F)no2)cc1,1,c1ccc(-c2noc(-c3ccccc3)n2)cc1,0.9953346,258.2270,6
23.5062,23.6422,104.3566,0.9999910,CN(CCCOc1ccc2c(c1)CCC2CC(=O)O)c1ccc(Cl)cc1,1,c1ccc(NCCCOc2ccc3c(c2)CCC3)cc1,0.9999910,373.8800,6
19.2464,19.3549,108.6392,0.9999537,c1ccc(OCc2nn3c(-c4ccccc4)nnc3s2)cc1,1,c1ccc(OCc2nn3c(-c4ccccc4)nnc3s2)cc1,0.9999537,308.3660,6
22.6821,22.8030,104.8862,0.9975716,CSc1nc2ccccc2c2nc3ccccc3n12,1,c1ccc2c(c1)ncn1c3ccccc3nc21,0.9975716,265.3410,6
31.4468,31.6476,96.3459,0.9999491,CCN=c1[nH]c(C#Cc2ccc(F)cc2)nc2cc(O)ccc12,1,N=c1[nH]c(C#Cc2ccccc2)nc2ccccc12,0.9999491,307.3280,6
30.7334,30.9978,97.0012,0.9999927,CCN1C2=NC(Cc3ccccn3)N2c2ccccc2S1(=O)=O,1,O=S1(=O)NC2=NC(Cc3ccccn3)N2c2ccccc21,0.9999927,328.3970,6
17.2334,17.2521,110.7426,0.9999587,O=c1[nH]c(O)c(C=c2cnn3c(=NC4CC4)[nH]c(=NCc4ccccc4)nc23)[nH]1,1,O=c1[nH]cc(C=c2cnn3c(=NC4CC4)[nH]c(=NCc4ccccc4)nc23)[nH]1,0.9999587,390.4070,6
20.2758,20.5483,103.8037,0.9715001,c1ccc(-c2nccc(-c3cccs3)n2)cc1,1,c1ccc(-c2nccc(-c3cccs3)n2)cc1,0.9715001,238.3150,6
32.1360,32.3180,95.6287,0.9995834,CC1CCN(C(=O)c2nc3cc(NC(=O)Cc4c[nH]c5ccccc45)ccc3[nH]2)CC1,1,O=C(Cc1c[nH]c2ccccc12)Nc1ccc2[nH]c(C(=O)N3CCCCC3)nc2c1,0.9995834,415.4970,6
30.8772,30.7869,82.8291,0.8876250,CC(C)C(C(=O)N(CC(=O)NCC1CCCO1)Cc1ccccc1)N1C(=O)c2ccccc2C1=O,1,O=C(CN(Cc1ccccc1)C(=O)CN1C(=O)c2ccccc2C1=O)NCC1CCCO1,0.8876250,477.5610,6
22.3412,22.4659,105.5307,0.9999733,O=C(N=c1[nH]ccs1)c1ccc(-n2cccc2)c([N+](=O)[O-])c1,1,O=C(N=c1[nH]ccs1)c1ccc(-n2cccc2)cc1,0.9999733,314.3260,6
33.6694,33.5321,94.4295,0.9997000,OCC1CCN(c2ncc(CN3CC(Oc4c(F)cccc4Cl)C3)s2)CC1,1,c1ccc(OC2CN(Cc3cnc(N4CCCCC4)s3)C2)cc1,0.9997000,411.9300,6
